0.5375,0.4305555555555556,0.795513391494751,0.5515625,0.5722222222222222,0.6396650671958923,0.4765625,0.5611111111111111,0.4892498254776001,0.4,0.5416666666666666,0.4132627844810486,0.0,0.0,0.0,0.61875,0.575,0.5050705075263977,0.646875,0.75,0.6421523094177246,0.665625,0.9333333333333333,0.6339733004570007,0.0,0.0,0.0,0,0,0,0,0,0,0.5921875,0.8388888888888889,0.09936300665140152,0,0,0,0,0,0,0.5296875,0.4111111111111111,0.8105099201202393,0.5546875,0.4111111111111111,0.7735612988471985,0.51875,0.43333333333333335,0.18067461252212524,0.58125,0.44166666666666665,0.8081579208374023,0,0,0
0.5390625,0.4305555555555556,0.8236061930656433,0.5515625,0.5694444444444444,0.6663868427276611,0.48125,0.5611111111111111,0.4164159297943115,0.403125,0.5194444444444445,0.42818403244018555,0.375,0.35,0.4505140781402588,0.6203125,0.575,0.5263136029243469,0.65,0.75,0.5234441161155701,0.6671875,0.9388888888888889,0.615859866142273,0.5015625,0.8722222222222222,0.07053736597299576,0,0,0,0,0,0,0.5953125,0.8361111111111111,0.15111017227172852,0,0,0,0,0,0,0.5296875,0.4111111111111111,0.7752004861831665,0.55625,0.41388888888888886,0.8216719031333923,0.5203125,0.4305555555555556,0.2403474599123001,0.5828125,0.44166666666666665,0.8126167058944702,0,0,0
0.5390625,0.4305555555555556,0.8293859362602234,0.55625,0.5694444444444444,0.5961987376213074,0.4875,0.5583333333333333,0.41433092951774597,0.40625,0.49722222222222223,0.554335355758667,0.0,0.0,0.0,0.621875,0.575,0.4996718764305115,0.6515625,0.7472222222222222,0.6056665778160095,0.66875,0.9333333333333333,0.6067333221435547,0.0,0.0,0.0,0,0,0,0,0,0,0.596875,0.8305555555555556,0.08346757292747498,0,0,0,0,0,0,0.53125,0.4111111111111111,0.8360397815704346,0.55625,0.41388888888888886,0.8393169045448303,0.0,0.0,0.0,0.5828125,0.44166666666666665,0.799204409122467,0,0,0
0.540625,0.4305555555555556,0.8173440098762512,0.55625,0.5666666666666667,0.5750992894172668,0.4859375,0.5583333333333333,0.3882976174354553,0.4125,0.4861111111111111,0.6141106486320496,0.0,0.0,0.0,0.6234375,0.5777777777777777,0.47563913464546204,0.6515625,0.7472222222222222,0.6005538702011108,0.66875,0.9388888888888889,0.43239152431488037,0.0,0.0,0.0,0,0,0,0,0,0,0.0,0.0,0.0,0,0,0,0,0,0,0.5328125,0.4111111111111111,0.8479588627815247,0.5578125,0.41388888888888886,0.8762898445129395,0.0,0.0,0.0,0.584375,0.4388888888888889,0.8268569111824036,0,0,0
0.5421875,0.4305555555555556,0.7545852661132812,0.55625,0.5666666666666667,0.6087465882301331,0.4890625,0.5555555555555556,0.3164583742618561,0.415625,0.4861111111111111,0.673150360584259,0.4125,0.3388888888888889,0.17470930516719818,0.625,0.5805555555555556,0.5146391987800598,0.6515625,0.75,0.6322882175445557,0.6703125,0.9416666666666667,0.6073380708694458,0.5015625,0.9111111111111111,0.1618202030658722,0,0,0,0,0,0,0.0,0.0,0.0,0,0,0,0,0,0,0.534375,0.4111111111111111,0.8227056860923767,0.559375,0.41388888888888886,0.835324227809906,0.0,0.0,0.0,0.5859375,0.44166666666666665,0.7551418542861938,0,0,0
0.5453125,0.4305555555555556,0.8241750597953796,0.5578125,0.5694444444444444,0.6362162232398987,0.4921875,0.5555555555555556,0.34308385848999023,0.4203125,0.4888888888888889,0.581490695476532,0.425,0.33611111111111114,0.6940382719039917,0.6234375,0.5805555555555556,0.4913032352924347,0.6515625,0.7416666666666667,0.5109888911247253,0.6703125,0.9416666666666667,0.6244959831237793,0.503125,0.9,0.10367586463689804,0,0,0,0,0,0,0.0,0.0,0.0,0,0,0,0,0,0,0.5359375,0.41388888888888886,0.7970525026321411,0.5625,0.41388888888888886,0.8239477872848511,0.525,0.4388888888888889,0.29545658826828003,0.5875,0.44166666666666665,0.7442684769630432,0,0,0
0.5484375,0.4305555555555556,0.8216454386711121,0.5609375,0.5694444444444444,0.6141054630279541,0.496875,0.5583333333333333,0.35824066400527954,0.428125,0.5083333333333333,0.3083028793334961,0.0,0.0,0.0,0.6265625,0.5777777777777777,0.524865984916687,0.6546875,0.75,0.36457663774490356,0.671875,0.9472222222222222,0.6451411843299866,0.0,0.0,0.0,0,0,0,0,0,0,0.5984375,0.8222222222222222,0.07098995894193649,0,0,0,0,0,0,0.5390625,0.41388888888888886,0.8605744242668152,0.5640625,0.41388888888888886,0.8813931941986084,0.528125,0.4388888888888889,0.19969980418682098,0.590625,0.44166666666666665,0.7645769715309143,0,0,0
0.5515625,0.4305555555555556,0.8176013231277466,0.565625,0.5638888888888889,0.6184955835342407,0.503125,0.5555555555555556,0.31770503520965576,0.4328125,0.5111111111111111,0.5555040836334229,0.4640625,0.36944444444444446,0.5434951782226562,0.628125,0.575,0.5146120190620422,0.65625,0.7444444444444445,0.5440057516098022,0.6765625,0.9361111111111111,0.6701313257217407,0.51875,0.8583333333333333,0.10959288477897644,0,0,0,0,0,0,0.603125,0.8222222222222222,0.12190854549407959,0,0,0,0,0,0,0.54375,0.41388888888888886,0.8241536617279053,0.56875,0.41388888888888886,0.8554902672767639,0.5328125,0.4388888888888889,0.26981207728385925,0.5953125,0.4444444444444444,0.7740442156791687,0,0,0
0.55625,0.4305555555555556,0.744491457939148,0.56875,0.5666666666666667,0.6384884715080261,0.5015625,0.5527777777777778,0.34992262721061707,0.4390625,0.5138888888888888,0.6827861070632935,0.478125,0.36944444444444446,0.664915919303894,0.6328125,0.5777777777777777,0.5451973080635071,0.6609375,0.7388888888888889,0.41250672936439514,0.68125,0.9361111111111111,0.597251832485199,0.521875,0.8638888888888889,0.08585792779922485,0,0,0,0,0,0,0.603125,0.8138888888888889,0.1514841765165329,0,0,0,0,0,0,0.5484375,0.41388888888888886,0.8075347542762756,0.5734375,0.41388888888888886,0.804698646068573,0.5375,0.4305555555555556,0.1242619976401329,0.5984375,0.44166666666666665,0.7340070605278015,0,0,0
0.559375,0.4305555555555556,0.7987961173057556,0.571875,0.5666666666666667,0.632098913192749,0.5078125,0.5555555555555556,0.30569207668304443,0.440625,0.5111111111111111,0.6861379146575928,0.478125,0.3638888888888889,0.6294639706611633,0.6359375,0.5805555555555556,0.5302544236183167,0.665625,0.7527777777777778,0.5564393401145935,0.6859375,0.9388888888888889,0.5106191039085388,0.0,0.0,0.0,0,0,0,0,0,0,0.0,0.0,0.0,0,0,0,0,0,0,0.5515625,0.4111111111111111,0.8619608283042908,0.5765625,0.4166666666666667,0.8829588294029236,0.540625,0.4305555555555556,0.288831889629364,0.6015625,0.4444444444444444,0.7913051843643188,0,0,0
0.5609375,0.4305555555555556,0.7933654189109802,0.5734375,0.5694444444444444,0.6068451404571533,0.5015625,0.5555555555555556,0.35114383697509766,0.4375,0.5055555555555555,0.5981451869010925,0.4640625,0.35833333333333334,0.6476443409919739,0.6375,0.5805555555555556,0.5311498641967773,0.66875,0.7527777777777778,0.5611087083816528,0.6890625,0.9416666666666667,0.645000696182251,0.521875,0.8777777777777778,0.0751907154917717,0,0,0,0,0,0,0.6078125,0.825,0.06699611246585846,0,0,0,0,0,0,0.553125,0.41388888888888886,0.8680398464202881,0.578125,0.4166666666666667,0.8843305706977844,0.540625,0.4361111111111111,0.45269691944122314,0.603125,0.4444444444444444,0.8008398413658142,0,0,0
0.5609375,0.4305555555555556,0.7929416298866272,0.5703125,0.5694444444444444,0.6637881994247437,0.5,0.5555555555555556,0.36280015110969543,0.425,0.5027777777777778,0.5997677445411682,0.4359375,0.35,0.36606618762016296,0.6359375,0.5777777777777777,0.4874473512172699,0.6703125,0.7555555555555555,0.5944843292236328,0.6890625,0.95,0.629136323928833,0.0,0.0,0.0,0,0,0,0,0,0,0.0,0.0,0.0,0,0,0,0,0,0,0.5515625,0.41388888888888886,0.8642958998680115,0.5765625,0.41388888888888886,0.8864303231239319,0.5421875,0.4361111111111111,0.36383718252182007,0.603125,0.4444444444444444,0.7612362504005432,0,0,0
0.559375,0.4305555555555556,0.8090148568153381,0.56875,0.5694444444444444,0.6045671701431274,0.49375,0.5583333333333333,0.3773907423019409,0.421875,0.5083333333333333,0.5010509490966797,0.4140625,0.3527777777777778,0.28992244601249695,0.6375,0.5777777777777777,0.49539777636528015,0.66875,0.7527777777777778,0.6066538095474243,0.6890625,0.9416666666666667,0.6238206624984741,0.515625,0.9027777777777778,0.09054963290691376,0,0,0,0,0,0,0.6046875,0.8416666666666667,0.06955678015947342,0,0,0,0,0,0,0.553125,0.4111111111111111,0.8602176904678345,0.5765625,0.41388888888888886,0.8899576663970947,0.5421875,0.43333333333333335,0.3622862696647644,0.603125,0.4444444444444444,0.8158600926399231,0,0,0
0.5578125,0.4305555555555556,0.8292067646980286,0.5671875,0.5694444444444444,0.6355317831039429,0.4921875,0.5583333333333333,0.38712602853775024,0.41875,0.5138888888888888,0.27067217230796814,0.0,0.0,0.0,0.63125,0.5722222222222222,0.529563844203949,0.6671875,0.7472222222222222,0.662603497505188,0.6859375,0.9361111111111111,0.5248274803161621,0.5203125,0.8916666666666667,0.09366977214813232,0,0,0,0,0,0,0.6046875,0.85,0.10360708832740784,0,0,0,0,0,0,0.55,0.41388888888888886,0.8556085228919983,0.5765625,0.4166666666666667,0.87045818567276,0.5390625,0.44166666666666665,0.4949018657207489,0.6015625,0.4444444444444444,0.79228675365448,0,0,0
0.55625,0.4305555555555556,0.7948579788208008,0.565625,0.5722222222222222,0.6392452716827393,0.490625,0.5611111111111111,0.4006960690021515,0.415625,0.5166666666666667,0.4315328896045685,0.0,0.0,0.0,0.6328125,0.5777777777777777,0.4865463674068451,0.665625,0.75,0.6884879469871521,0.684375,0.9305555555555556,0.5825426578521729,0.5171875,0.9027777777777778,0.13019084930419922,0,0,0,0,0,0,0.603125,0.8444444444444444,0.0652250424027443,0,0,0,0,0,0,0.5484375,0.41388888888888886,0.7818422317504883,0.5734375,0.4166666666666667,0.8090951442718506,0.5375,0.4388888888888889,0.32385900616645813,0.6,0.4444444444444444,0.7325881719589233,0,0,0
0.5546875,0.4305555555555556,0.7800424695014954,0.565625,0.5666666666666667,0.6430463194847107,0.4890625,0.5611111111111111,0.4613998234272003,0.4140625,0.5194444444444445,0.5272687673568726,0.3703125,0.3888888888888889,0.3858789801597595,0.63125,0.575,0.5160780549049377,0.6640625,0.75,0.6404123902320862,0.6828125,0.9333333333333333,0.6083278656005859,0.515625,0.9,0.13839930295944214,0,0,0,0,0,0,0.0,0.0,0.0,0,0,0,0,0,0,0.546875,0.41388888888888886,0.854514479637146,0.571875,0.41388888888888886,0.8777760863304138,0.5375,0.4388888888888889,0.10648924112319946,0.5984375,0.44166666666666665,0.7378556728363037,0,0,0
0.553125,0.4305555555555556,0.8055282235145569,0.565625,0.5694444444444444,0.6433060169219971,0.4890625,0.5611111111111111,0.4797866642475128,0.4109375,0.5277777777777778,0.5113871693611145,0.0,0.0,0.0,0.63125,0.575,0.47784698009490967,0.6640625,0.7555555555555555,0.6315469145774841,0.68125,0.9333333333333333,0.5831161141395569,0.5125,0.8972222222222223,0.10261119902133942,0,0,0,0,0,0,0.0,0.0,0.0,0,0,0,0,0,0,0.5453125,0.41388888888888886,0.872291624546051,0.5703125,0.4166666666666667,0.8763322234153748,0.0,0.0,0.0,0.596875,0.4444444444444444,0.7664585113525391,0,0,0
0.5515625,0.4305555555555556,0.7860175967216492,0.5609375,0.5694444444444444,0.6207446455955505,0.4875,0.5611111111111111,0.5190235376358032,0.409375,0.5333333333333333,0.5494611859321594,0.0,0.0,0.0,0.63125,0.575,0.5104328393936157,0.6609375,0.7416666666666667,0.5433881282806396,0.678125,0.9388888888888889,0.6203043460845947,0.0,0.0,0.0,0,0,0,0,0,0,0.0,0.0,0.0,0,0,0,0,0,0,0.54375,0.41388888888888886,0.8333309292793274,0.56875,0.4166666666666667,0.8319918513298035,0.534375,0.43333333333333335,0.1443459540605545,0.5953125,0.4444444444444444,0.8036329746246338,0,0,0
0.55,0.4305555555555556,0.7725898027420044,0.5609375,0.5694444444444444,0.6343154311180115,0.4875,0.5638888888888889,0.4871588349342346,0.4078125,0.55,0.55235755443573,0.0,0.0,0.0,0.6296875,0.575,0.5402591228485107,0.6609375,0.7444444444444445,0.5889933705329895,0.6765625,0.9305555555555556,0.6103540062904358,0.0,0.0,0.0,0,0,0,0,0,0,0.0,0.0,0.0,0,0,0,0,0,0,0.5421875,0.41388888888888886,0.7849252223968506,0.5671875,0.4166666666666667,0.8207622170448303,0.5328125,0.44166666666666665,0.14364147186279297,0.59375,0.4444444444444444,0.7748017907142639,0,0,0
0.5484375,0.4305555555555556,0.7377366423606873,0.5609375,0.5777777777777777,0.5522986650466919,0.4875,0.5722222222222222,0.4783913493156433,0.4046875,0.5666666666666667,0.5737914443016052,0.0,0.0,0.0,0.6296875,0.5777777777777777,0.46110960841178894,0.6609375,0.7444444444444445,0.6004512310028076,0.675,0.9333333333333333,0.5861246585845947,0.0,0.0,0.0,0,0,0,0,0,0,0.0,0.0,0.0,0,0,0,0,0,0,0.540625,0.41388888888888886,0.8417753577232361,0.565625,0.4166666666666667,0.8702836036682129,0.53125,0.44166666666666665,0.11485142260789871,0.5921875,0.4444444444444444,0.7553545236587524,0,0,0
0.546875,0.43333333333333335,0.7900194525718689,0.559375,0.5777777777777777,0.6293740272521973,0.490625,0.5777777777777777,0.4916466176509857,0.409375,0.6,0.5887466669082642,0.0,0.0,0.0,0.625,0.575,0.5098713040351868,0.6609375,0.7444444444444445,0.633819580078125,0.6734375,0.9277777777777778,0.6079133749008179,0.0,0.0,0.0,0,0,0,0,0,0,0.0,0.0,0.0,0,0,0,0,0,0,0.5390625,0.4166666666666667,0.8719432353973389,0.5640625,0.4166666666666667,0.8831127285957336,0.5296875,0.44166666666666665,0.19819220900535583,0.590625,0.4444444444444444,0.7715626955032349,0,0,0
0.5453125,0.43333333333333335,0.807971179485321,0.5625,0.5777777777777777,0.4870443046092987,0.4921875,0.5805555555555556,0.48877787590026855,0.4125,0.6222222222222222,0.5592252016067505,0.0,0.0,0.0,0.6234375,0.5694444444444444,0.5103291273117065,0.659375,0.7416666666666667,0.6301293969154358,0.671875,0.9305555555555556,0.6253151893615723,0.0,0.0,0.0,0,0,0,0,0,0,0.0,0.0,0.0,0,0,0,0,0,0,0.5390625,0.4166666666666667,0.856246829032898,0.5625,0.4166666666666667,0.8354063630104065,0.528125,0.44166666666666665,0.17505411803722382,0.590625,0.4444444444444444,0.8067598938941956,0,0,0
0.5453125,0.43333333333333335,0.8056987524032593,0.5609375,0.5833333333333334,0.5731063485145569,0.4921875,0.5888888888888889,0.47380292415618896,0.4140625,0.65,0.6362419724464417,0.3703125,0.525,0.6165341734886169,0.625,0.5694444444444444,0.5291708707809448,0.659375,0.7444444444444445,0.6215338110923767,0.6734375,0.925,0.6719720363616943,0.0,0.0,0.0,0,0,0,0,0,0,0.0,0.0,0.0,0,0,0,0,0,0,0.5375,0.4166666666666667,0.805316150188446,0.5609375,0.4166666666666667,0.7894716858863831,0.5265625,0.4388888888888889,0.17652687430381775,0.5875,0.44722222222222224,0.8058539628982544,0,0,0
0.54375,0.43333333333333335,0.7630825638771057,0.5609375,0.5805555555555556,0.5352860689163208,0.4921875,0.5888888888888889,0.5115960836410522,0.415625,0.6666666666666666,0.6194013953208923,0.3703125,0.5416666666666666,0.6699023246765137,0.6234375,0.5694444444444444,0.5078137516975403,0.6578125,0.7277777777777777,0.4535848796367645,0.6734375,0.9222222222222223,0.6162967085838318,0.0,0.0,0.0,0,0,0,0,0,0,0.0,0.0,0.0,0,0,0,0,0,0,0.5359375,0.4166666666666667,0.7904123067855835,0.559375,0.4166666666666667,0.8510634303092957,0.5265625,0.4388888888888889,0.14991828799247742,0.5875,0.44722222222222224,0.7733201384544373,0,0,0
0.54375,0.4305555555555556,0.7038084268569946,0.5609375,0.5833333333333334,0.5090846419334412,0.4953125,0.5916666666666667,0.4544335901737213,0.41875,0.6805555555555556,0.6085995435714722,0.3703125,0.5555555555555556,0.6767528653144836,0.625,0.5722222222222222,0.4990644156932831,0.659375,0.7388888888888889,0.6089173555374146,0.6734375,0.925,0.6315158009529114,0.0,0.0,0.0,0,0,0,0,0,0,0.0,0.0,0.0,0,0,0,0,0,0,0.5359375,0.4166666666666667,0.8194608688354492,0.559375,0.4166666666666667,0.8702151775360107,0.0,0.0,0.0,0.5859375,0.4444444444444444,0.7595345973968506,0,0,0
0.54375,0.43333333333333335,0.7399048805236816,0.559375,0.5833333333333334,0.5859297513961792,0.4953125,0.5888888888888889,0.4612864553928375,0.421875,0.6805555555555556,0.6613249778747559,0.3734375,0.575,0.5138214230537415,0.621875,0.5722222222222222,0.5098702907562256,0.6578125,0.7388888888888889,0.6222933530807495,0.6734375,0.925,0.587904691696167,0.0,0.0,0.0,0,0,0,0,0,0,0.0,0.0,0.0,0,0,0,0,0,0,0.534375,0.4166666666666667,0.8204023838043213,0.559375,0.4166666666666667,0.8566250801086426,0.525,0.44166666666666665,0.09908224642276764,0.5859375,0.4444444444444444,0.772969126701355,0,0,0
0.5421875,0.4305555555555556,0.7187013626098633,0.559375,0.5833333333333334,0.6509888172149658,0.49375,0.5916666666666667,0.4703390896320343,0.4203125,0.6805555555555556,0.6612106561660767,0.3734375,0.5638888888888889,0.6646471619606018,0.6234375,0.5694444444444444,0.5108990669250488,0.6578125,0.7416666666666667,0.6411596536636353,0.675,0.9194444444444444,0.5957279801368713,0.0,0.0,0.0,0,0,0,0,0,0,0.0,0.0,0.0,0,0,0,0,0,0,0.534375,0.4166666666666667,0.8395055532455444,0.559375,0.4166666666666667,0.8741021156311035,0.525,0.4444444444444444,0.18594735860824585,0.5859375,0.4444444444444444,0.7924642562866211,0,0,0
0.5421875,0.4305555555555556,0.722952663898468,0.559375,0.5861111111111111,0.5483289957046509,0.49375,0.5916666666666667,0.4673275649547577,0.4203125,0.6833333333333333,0.6719749569892883,0.384375,0.5555555555555556,0.5997517108917236,0.625,0.575,0.5298944711685181,0.659375,0.7444444444444445,0.6249259114265442,0.6734375,0.925,0.6271942853927612,0.0,0.0,0.0,0,0,0,0,0,0,0.0,0.0,0.0,0,0,0,0,0,0,0.5359375,0.4166666666666667,0.8355677127838135,0.5578125,0.4166666666666667,0.8782321810722351,0.0,0.0,0.0,0.5859375,0.44722222222222224,0.7805430293083191,0,0,0
0.54375,0.4305555555555556,0.7192838191986084,0.5625,0.5805555555555556,0.6146196722984314,0.4953125,0.5861111111111111,0.5185194611549377,0.4203125,0.6777777777777778,0.6205300688743591,0.3953125,0.5472222222222223,0.6451023817062378,0.625,0.575,0.4856405556201935,0.6578125,0.75,0.6904798746109009,0.671875,0.9194444444444444,0.6168808341026306,0.0,0.0,0.0,0,0,0,0,0,0,0.0,0.0,0.0,0,0,0,0,0,0,0.5359375,0.4166666666666667,0.8111120462417603,0.559375,0.4166666666666667,0.8791734576225281,0.0,0.0,0.0,0.5875,0.4444444444444444,0.758013129234314,0,0,0
0.54375,0.4305555555555556,0.7566511034965515,0.5609375,0.5833333333333334,0.6041179895401001,0.496875,0.5833333333333334,0.5207313299179077,0.4234375,0.6777777777777778,0.6064494252204895,0.4140625,0.5472222222222223,0.7027032971382141,0.6265625,0.5777777777777777,0.5260090231895447,0.65625,0.7416666666666667,0.5527440309524536,0.6703125,0.9277777777777778,0.6230205297470093,0.0,0.0,0.0,0,0,0,0,0,0,0.0,0.0,0.0,0,0,0,0,0,0,0.5359375,0.4166666666666667,0.7605875134468079,0.5609375,0.4166666666666667,0.8092933297157288,0.528125,0.4527777777777778,0.1081918403506279,0.5875,0.44722222222222224,0.7836393117904663,0,0,0
0.5453125,0.4305555555555556,0.790505051612854,0.5609375,0.5861111111111111,0.6054450869560242,0.4953125,0.5833333333333334,0.5166125893592834,0.425,0.6805555555555556,0.655870795249939,0.4296875,0.55,0.6950790286064148,0.625,0.5777777777777777,0.5011292695999146,0.65625,0.7472222222222222,0.6487256288528442,0.6703125,0.925,0.620544970035553,0.0,0.0,0.0,0,0,0,0,0,0,0.0,0.0,0.0,0,0,0,0,0,0,0.5375,0.4166666666666667,0.8495320677757263,0.5625,0.4166666666666667,0.8098445534706116,0.528125,0.45,0.14698970317840576,0.5875,0.4444444444444444,0.7838470935821533,0,0,0
0.5453125,0.43333333333333335,0.797700822353363,0.5625,0.5833333333333334,0.6452248096466064,0.4953125,0.5833333333333334,0.5050275921821594,0.425,0.6833333333333333,0.6674394607543945,0.4375,0.5583333333333333,0.6397232413291931,0.6265625,0.5805555555555556,0.5276647806167603,0.6578125,0.75,0.6799753308296204,0.671875,0.9305555555555556,0.6677009463310242,0.0,0.0,0.0,0,0,0,0,0,0,0.0,0.0,0.0,0,0,0,0,0,0,0.5390625,0.4166666666666667,0.8622674345970154,0.5625,0.4166666666666667,0.8507199287414551,0.0,0.0,0.0,0.5890625,0.4444444444444444,0.8113924264907837,0,0,0
0.546875,0.43333333333333335,0.7908871173858643,0.5609375,0.5833333333333334,0.6176652908325195,0.49375,0.5861111111111111,0.5000618100166321,0.425,0.6888888888888889,0.6123010516166687,0.434375,0.5638888888888889,0.6725351810455322,0.628125,0.5777777777777777,0.5197816491127014,0.6578125,0.7527777777777778,0.5972103476524353,0.6734375,0.9333333333333333,0.4945897161960602,0.0,0.0,0.0,0,0,0,0,0,0,0.0,0.0,0.0,0,0,0,0,0,0,0.5390625,0.41388888888888886,0.8817146420478821,0.5640625,0.4166666666666667,0.8768470287322998,0.0,0.0,0.0,0.5890625,0.4444444444444444,0.8107041120529175,0,0,0
0.546875,0.4305555555555556,0.7840345501899719,0.559375,0.5833333333333334,0.6460511088371277,0.4921875,0.5888888888888889,0.49458009004592896,0.4234375,0.6833333333333333,0.5965057611465454,0.4265625,0.5638888888888889,0.7167147397994995,0.6265625,0.575,0.5077559351921082,0.659375,0.7472222222222222,0.6540917158126831,0.675,0.9305555555555556,0.6137706637382507,0.0,0.0,0.0,0,0,0,0,0,0,0.0,0.0,0.0,0,0,0,0,0,0,0.5390625,0.41388888888888886,0.8828904628753662,0.5640625,0.4166666666666667,0.8710258603096008,0.528125,0.4444444444444444,0.143203467130661,0.5890625,0.4444444444444444,0.8000751733779907,0,0,0
0.546875,0.4305555555555556,0.8077592849731445,0.559375,0.5833333333333334,0.6574867367744446,0.4921875,0.5861111111111111,0.4792512357234955,0.4203125,0.6694444444444444,0.6121798753738403,0.4125,0.5444444444444444,0.4718383848667145,0.6265625,0.5777777777777777,0.5021997690200806,0.659375,0.7472222222222222,0.670181930065155,0.675,0.9277777777777778,0.6327110528945923,0.0,0.0,0.0,0,0,0,0,0,0,0.0,0.0,0.0,0,0,0,0,0,0,0.5390625,0.41388888888888886,0.8831159472465515,0.5640625,0.4166666666666667,0.8723165392875671,0.528125,0.44166666666666665,0.20958243310451508,0.5890625,0.44722222222222224,0.814444363117218,0,0,0
0.5453125,0.4305555555555556,0.8039907813072205,0.559375,0.5805555555555556,0.6409211754798889,0.490625,0.5805555555555556,0.4742722511291504,0.4109375,0.6388888888888888,0.620509922504425,0.3984375,0.5222222222222223,0.528883695602417,0.625,0.575,0.49747583270072937,0.6578125,0.7472222222222222,0.6590011715888977,0.675,0.9305555555555556,0.6330100297927856,0.0,0.0,0.0,0,0,0,0,0,0,0.0,0.0,0.0,0,0,0,0,0,0,0.5375,0.41388888888888886,0.8528986573219299,0.5625,0.4166666666666667,0.8609148263931274,0.0,0.0,0.0,0.5890625,0.4444444444444444,0.7888580560684204,0,0,0
0.54375,0.4305555555555556,0.7579922080039978,0.55625,0.5805555555555556,0.5678999423980713,0.484375,0.5833333333333334,0.43895813822746277,0.4046875,0.5972222222222222,0.564177930355072,0.39375,0.46111111111111114,0.4366360902786255,0.621875,0.575,0.483205109834671,0.6546875,0.7333333333333333,0.4145717918872833,0.6734375,0.9333333333333333,0.5392540693283081,0.0,0.0,0.0,0,0,0,0,0,0,0.0,0.0,0.0,0,0,0,0,0,0,0.5359375,0.41388888888888886,0.8183825612068176,0.5609375,0.4166666666666667,0.8170719146728516,0.525,0.4444444444444444,0.10219980031251907,0.5875,0.4444444444444444,0.7435559034347534,0,0,0
0.5421875,0.4305555555555556,0.7903099656105042,0.5546875,0.575,0.6060146689414978,0.4828125,0.575,0.3904622197151184,0.4046875,0.5805555555555556,0.6678416132926941,0.39375,0.43333333333333335,0.6355296969413757,0.6203125,0.575,0.5426394939422607,0.653125,0.7361111111111112,0.585081934928894,0.6703125,0.9277777777777778,0.5857698321342468,0.515625,0.8222222222222222,0.08683152496814728,0,0,0,0,0,0,0.0,0.0,0.0,0,0,0,0,0,0,0.534375,0.41388888888888886,0.8633077144622803,0.5578125,0.41388888888888886,0.8899317979812622,0.0,0.0,0.0,0.584375,0.4444444444444444,0.7755798101425171,0,0,0
0.5390625,0.4305555555555556,0.7909998297691345,0.5546875,0.575,0.5927754044532776,0.484375,0.575,0.4114396572113037,0.403125,0.5722222222222222,0.7254347205162048,0.396875,0.41944444444444445,0.6536055207252502,0.6203125,0.575,0.5226662755012512,0.653125,0.7444444444444445,0.4977007210254669,0.6671875,0.9083333333333333,0.6268510222434998,0.0,0.0,0.0,0,0,0,0,0,0,0.0,0.0,0.0,0,0,0,0,0,0,0.5328125,0.41388888888888886,0.8633142709732056,0.55625,0.4166666666666667,0.8484995365142822,0.521875,0.43333333333333335,0.17728464305400848,0.5828125,0.4444444444444444,0.7734020352363586,0,0,0
0.5375,0.4305555555555556,0.7905855774879456,0.553125,0.575,0.6198974847793579,0.4828125,0.5777777777777777,0.45946893095970154,0.403125,0.5777777777777777,0.6908516883850098,0.4,0.425,0.6536223888397217,0.6203125,0.5722222222222222,0.5572249293327332,0.6515625,0.7305555555555555,0.5581897497177124,0.6578125,0.8666666666666667,0.5398114323616028,0.50625,0.8555555555555555,0.058412693440914154,0,0,0,0,0,0,0.5984375,0.8305555555555556,0.059191618114709854,0,0,0,0,0,0,0.5296875,0.41388888888888886,0.8024784326553345,0.5546875,0.41388888888888886,0.8457082509994507,0.0,0.0,0.0,0.58125,0.4444444444444444,0.7310903668403625,0,0,0
0.5375,0.4305555555555556,0.7540028691291809,0.5546875,0.5777777777777777,0.5273390412330627,0.484375,0.5805555555555556,0.47230154275894165,0.4015625,0.5861111111111111,0.6582579612731934,0.3984375,0.4388888888888889,0.7063310146331787,0.6203125,0.5694444444444444,0.5653601288795471,0.6546875,0.7333333333333333,0.5748825073242188,0.646875,0.8277777777777777,0.48599138855934143,0.5125,0.8444444444444444,0.06443268060684204,0,0,0,0,0,0,0.0,0.0,0.0,0,0,0,0,0,0,0.528125,0.41388888888888886,0.8500922322273254,0.553125,0.41388888888888886,0.8748380541801453,0.5203125,0.4388888888888889,0.14254574477672577,0.5796875,0.4444444444444444,0.7198502421379089,0,0,0
0.5375,0.4305555555555556,0.7651283144950867,0.553125,0.5722222222222222,0.6554317474365234,0.4828125,0.5777777777777777,0.45246249437332153,0.4,0.5916666666666667,0.6808555126190186,0.3921875,0.4444444444444444,0.5766627788543701,0.61875,0.5722222222222222,0.4994286894798279,0.6578125,0.7416666666666667,0.5905603170394897,0.6328125,0.7861111111111111,0.3760358393192291,0.0,0.0,0.0,0,0,0,0,0,0,0.0,0.0,0.0,0,0,0,0,0,0,0.528125,0.41388888888888886,0.8546706438064575,0.553125,0.41388888888888886,0.878501296043396,0.5203125,0.4361111111111111,0.2424524873495102,0.5796875,0.4444444444444444,0.7087996602058411,0,0,0
0.5375,0.4305555555555556,0.7927702069282532,0.5515625,0.575,0.6220719814300537,0.48125,0.575,0.5442617535591125,0.4015625,0.6,0.6422783732414246,0.3875,0.4638888888888889,0.4090537130832672,0.6171875,0.5722222222222222,0.45207953453063965,0.6609375,0.7444444444444445,0.21144118905067444,0.0,0.0,0.0,0.0,0.0,0.0,0,0,0,0,0,0,0.0,0.0,0.0,0,0,0,0,0,0,0.5296875,0.41388888888888886,0.8408329486846924,0.553125,0.41388888888888886,0.8702467083930969,0.5203125,0.4361111111111111,0.13748887181282043,0.5796875,0.4444444444444444,0.7315412759780884,0,0,0
0.5375,0.42777777777777776,0.8380045890808105,0.553125,0.5722222222222222,0.6166773438453674,0.4859375,0.575,0.4939579367637634,0.403125,0.6083333333333333,0.6608465313911438,0.384375,0.475,0.5551019906997681,0.6171875,0.5666666666666667,0.4713839292526245,0.659375,0.75,0.5965059399604797,0.628125,0.6805555555555556,0.6125400066375732,0.0,0.0,0.0,0,0,0,0,0,0,0.58125,0.8222222222222222,0.06769736856222153,0,0,0,0,0,0,0.5296875,0.41388888888888886,0.8197724223136902,0.5546875,0.41388888888888886,0.8307690024375916,0.5203125,0.4361111111111111,0.248480886220932,0.58125,0.4444444444444444,0.7225950956344604,0,0,0
0.5390625,0.4305555555555556,0.8185215592384338,0.553125,0.575,0.5860273838043213,0.4859375,0.5777777777777777,0.48389625549316406,0.403125,0.625,0.6501973271369934,0.3828125,0.49166666666666664,0.5707923173904419,0.6171875,0.5722222222222222,0.48770973086357117,0.6609375,0.7472222222222222,0.6268596649169922,0.6265625,0.6638888888888889,0.6031169295310974,0.0,0.0,0.0,0,0,0,0,0,0,0.0,0.0,0.0,0,0,0,0,0,0,0.5296875,0.41388888888888886,0.8224157094955444,0.5546875,0.41388888888888886,0.8225382566452026,0.5203125,0.4361111111111111,0.1419418752193451,0.58125,0.4444444444444444,0.7226264476776123,0,0,0
0.5390625,0.4305555555555556,0.8169730305671692,0.5546875,0.575,0.5891308784484863,0.484375,0.5805555555555556,0.5412974953651428,0.4078125,0.65,0.6105625033378601,0.3828125,0.5166666666666667,0.5761894583702087,0.6203125,0.5722222222222222,0.5527119040489197,0.6609375,0.7472222222222222,0.6184846758842468,0.621875,0.6583333333333333,0.6742125153541565,0.0,0.0,0.0,0,0,0,0,0,0,0.5984375,0.8666666666666667,0.09669994562864304,0,0,0,0,0,0,0.5296875,0.41388888888888886,0.7846564650535583,0.5546875,0.41388888888888886,0.7937650680541992,0.0,0.0,0.0,0.58125,0.4444444444444444,0.7406305074691772,0,0,0
0.5390625,0.4305555555555556,0.8249158263206482,0.5546875,0.5805555555555556,0.6389569044113159,0.4859375,0.5861111111111111,0.479353666305542,0.4125,0.6638888888888889,0.5714039206504822,0.3859375,0.5472222222222223,0.6046217083930969,0.61875,0.5722222222222222,0.5127072930335999,0.6609375,0.7472222222222222,0.6165204048156738,0.621875,0.6611111111111111,0.6584721803665161,0.0,0.0,0.0,0,0,0,0,0,0,0.5984375,0.8416666666666667,0.06775659322738647,0,0,0,0,0,0,0.53125,0.41388888888888886,0.8212088346481323,0.55625,0.4166666666666667,0.8236982226371765,0.5203125,0.4361111111111111,0.18853305280208588,0.58125,0.4444444444444444,0.7547178268432617,0,0,0
0.540625,0.4305555555555556,0.8168433904647827,0.553125,0.5777777777777777,0.6388484239578247,0.4875,0.5861111111111111,0.44199469685554504,0.415625,0.675,0.6025924682617188,0.3890625,0.5694444444444444,0.6680303812026978,0.61875,0.575,0.4985792338848114,0.6625,0.75,0.5982155799865723,0.6234375,0.6666666666666666,0.619702935218811,0.0,0.0,0.0,0,0,0,0,0,0,0.6,0.8527777777777777,0.07940150052309036,0,0,0,0,0,0,0.53125,0.41388888888888886,0.8324828147888184,0.55625,0.41388888888888886,0.8246000409126282,0.521875,0.43333333333333335,0.18143415451049805,0.5828125,0.4444444444444444,0.7588406205177307,0,0,0
0.540625,0.4305555555555556,0.818589985370636,0.5546875,0.5777777777777777,0.6007809042930603,0.4875,0.5861111111111111,0.4353271722793579,0.415625,0.6777777777777778,0.6341573596000671,0.3921875,0.5805555555555556,0.6289812922477722,0.615625,0.5722222222222222,0.5052159428596497,0.6625,0.7527777777777778,0.6055587530136108,0.6234375,0.6638888888888889,0.6487588286399841,0.0,0.0,0.0,0,0,0,0,0,0,0.0,0.0,0.0,0,0,0,0,0,0,0.53125,0.41388888888888886,0.8493973016738892,0.55625,0.41388888888888886,0.8494505882263184,0.521875,0.4305555555555556,0.1418479084968567,0.58125,0.4444444444444444,0.8045023679733276,0,0,0
0.540625,0.4305555555555556,0.8116600513458252,0.553125,0.5805555555555556,0.6616197228431702,0.4875,0.5861111111111111,0.43282216787338257,0.4171875,0.6805555555555556,0.6340006589889526,0.3953125,0.5805555555555556,0.6976016759872437,0.61875,0.5694444444444444,0.4978027939796448,0.6609375,0.75,0.6034833192825317,0.6203125,0.6583333333333333,0.6680492162704468,0.0,0.0,0.0,0,0,0,0,0,0,0.603125,0.8361111111111111,0.1072210818529129,0,0,0,0,0,0,0.5328125,0.41388888888888886,0.8703927993774414,0.55625,0.41388888888888886,0.8333255052566528,0.5234375,0.4305555555555556,0.34266284108161926,0.5828125,0.44722222222222224,0.8148979544639587,0,0,0
0.540625,0.4305555555555556,0.8073498010635376,0.5546875,0.5777777777777777,0.6313210129737854,0.4875,0.5833333333333334,0.4905284643173218,0.41875,0.6805555555555556,0.6436068415641785,0.396875,0.5777777777777777,0.6659976243972778,0.621875,0.5777777777777777,0.47129714488983154,0.6609375,0.7444444444444445,0.37554702162742615,0.6140625,0.6861111111111111,0.25712838768959045,0.0,0.0,0.0,0,0,0,0,0,0,0.5953125,0.8138888888888889,0.06662539392709732,0,0,0,0,0,0,0.5328125,0.41388888888888886,0.8766195774078369,0.55625,0.41388888888888886,0.8225367069244385,0.5234375,0.4305555555555556,0.25657686591148376,0.5828125,0.4444444444444444,0.8061375617980957,0,0,0
0.540625,0.4305555555555556,0.7972646951675415,0.55625,0.5777777777777777,0.6036851406097412,0.4875,0.5833333333333334,0.4913458824157715,0.4203125,0.6833333333333333,0.6502684950828552,0.4,0.5777777777777777,0.6363913416862488,0.6203125,0.5722222222222222,0.5442203879356384,0.6640625,0.7472222222222222,0.6003949642181396,0.6171875,0.7416666666666667,0.5237712860107422,0.0,0.0,0.0,0,0,0,0,0,0,0.59375,0.8638888888888889,0.09808588027954102,0,0,0,0,0,0,0.5328125,0.41388888888888886,0.8780691623687744,0.5578125,0.41388888888888886,0.8936368823051453,0.5234375,0.4361111111111111,0.4401218295097351,0.584375,0.4444444444444444,0.821523904800415,0,0,0
0.5421875,0.42777777777777776,0.8273662328720093,0.5578125,0.5805555555555556,0.63686603307724,0.490625,0.5833333333333334,0.5296111106872559,0.421875,0.6805555555555556,0.6930782198905945,0.4015625,0.5722222222222222,0.7188385725021362,0.625,0.5805555555555556,0.4767317771911621,0.659375,0.7611111111111111,0.6363232135772705,0.6171875,0.7166666666666667,0.6350842118263245,0.0,0.0,0.0,0,0,0,0,0,0,0.6015625,0.8583333333333333,0.1015871912240982,0,0,0,0,0,0,0.534375,0.41388888888888886,0.8787042498588562,0.559375,0.4111111111111111,0.846592903137207,0.525,0.4388888888888889,0.3409903645515442,0.5859375,0.4444444444444444,0.7684082984924316,0,0,0
0.54375,0.42777777777777776,0.7819492816925049,0.5578125,0.5833333333333334,0.5377613306045532,0.490625,0.5833333333333334,0.5280776619911194,0.4234375,0.6833333333333333,0.6606483459472656,0.4046875,0.5722222222222222,0.6817940473556519,0.6234375,0.5722222222222222,0.47468870878219604,0.6640625,0.7555555555555555,0.609122633934021,0.6171875,0.7638888888888888,0.5389424562454224,0.0,0.0,0.0,0,0,0,0,0,0,0.0,0.0,0.0,0,0,0,0,0,0,0.5359375,0.41388888888888886,0.8268128037452698,0.559375,0.41388888888888886,0.8547398447990417,0.5265625,0.4444444444444444,0.11731395125389099,0.5875,0.4444444444444444,0.7475051879882812,0,0,0
0.54375,0.425,0.8383790254592896,0.5609375,0.5805555555555556,0.5076925158500671,0.49375,0.5833333333333334,0.4920775890350342,0.425,0.6833333333333333,0.6573759913444519,0.40625,0.575,0.6554145216941833,0.6234375,0.5694444444444444,0.5092173218727112,0.665625,0.7555555555555555,0.5968827605247498,0.615625,0.7388888888888889,0.3757508099079132,0.0,0.0,0.0,0,0,0,0,0,0,0.0,0.0,0.0,0,0,0,0,0,0,0.5359375,0.41388888888888886,0.7810104489326477,0.5609375,0.4111111111111111,0.7874234318733215,0.0,0.0,0.0,0.5890625,0.4444444444444444,0.7658289074897766,0,0,0
0.5453125,0.42777777777777776,0.9028202295303345,0.5625,0.5833333333333334,0.5190417170524597,0.4953125,0.5833333333333334,0.5009669661521912,0.428125,0.6805555555555556,0.7122741341590881,0.40625,0.575,0.6188636422157288,0.6265625,0.5722222222222222,0.5438767075538635,0.6671875,0.7527777777777778,0.540996789932251,0.621875,0.7722222222222223,0.36662423610687256,0.0,0.0,0.0,0,0,0,0,0,0,0.0,0.0,0.0,0,0,0,0,0,0,0.5390625,0.41388888888888886,0.8739492297172546,0.5625,0.4111111111111111,0.8063899874687195,0.0,0.0,0.0,0.590625,0.44166666666666665,0.7859753966331482,0,0,0
0.5484375,0.425,0.8148126602172852,0.565625,0.5777777777777777,0.47433242201805115,0.4984375,0.5805555555555556,0.5032609701156616,0.4296875,0.6833333333333333,0.6617926955223083,0.409375,0.5694444444444444,0.6726216077804565,0.625,0.575,0.49184542894363403,0.66875,0.7583333333333333,0.6107609868049622,0.625,0.7944444444444444,0.6028347015380859,0.0,0.0,0.0,0,0,0,0,0,0,0.60625,0.8722222222222222,0.08582214266061783,0,0,0,0,0,0,0.540625,0.4111111111111111,0.8373801112174988,0.5640625,0.4111111111111111,0.8024113178253174,0.0,0.0,0.0,0.5921875,0.44166666666666665,0.741172730922699,0,0,0
0.55,0.425,0.7818294167518616,0.5640625,0.5777777777777777,0.5455188155174255,0.5,0.5777777777777777,0.46899646520614624,0.428125,0.6777777777777778,0.6520317196846008,0.4109375,0.5638888888888889,0.6609833240509033,0.6265625,0.575,0.5135074257850647,0.6671875,0.7555555555555555,0.558502197265625,0.61875,0.7833333333333333,0.5479346513748169,0.0,0.0,0.0,0,0,0,0,0,0,0.0,0.0,0.0,0,0,0,0,0,0,0.5421875,0.4111111111111111,0.7845361828804016,0.5671875,0.4111111111111111,0.75336754322052,0.0,0.0,0.0,0.59375,0.44166666666666665,0.7464962601661682,0,0,0
0.55,0.425,0.7938169240951538,0.5640625,0.5805555555555556,0.5262152552604675,0.496875,0.5805555555555556,0.5223842263221741,0.4296875,0.6694444444444444,0.670369565486908,0.4109375,0.5611111111111111,0.6727406978607178,0.6296875,0.575,0.48317456245422363,0.66875,0.7472222222222222,0.6208409667015076,0.621875,0.7805555555555556,0.6260805130004883,0.0,0.0,0.0,0,0,0,0,0,0,0.0,0.0,0.0,0,0,0,0,0,0,0.5421875,0.4111111111111111,0.7739071249961853,0.5671875,0.4111111111111111,0.7811309695243835,0.0,0.0,0.0,0.5953125,0.44166666666666665,0.7953112125396729,0,0,0
0.5484375,0.425,0.7881352305412292,0.565625,0.575,0.5340355634689331,0.5,0.575,0.46047407388687134,0.428125,0.6638888888888889,0.597743809223175,0.4109375,0.55,0.6996442675590515,0.6265625,0.5722222222222222,0.5318273305892944,0.6671875,0.7527777777777778,0.5499690771102905,0.6140625,0.775,0.4637986421585083,0.0,0.0,0.0,0,0,0,0,0,0,0.0,0.0,0.0,0,0,0,0,0,0,0.5421875,0.4111111111111111,0.7570409178733826,0.5671875,0.4111111111111111,0.7669293880462646,0.0,0.0,0.0,0.59375,0.44166666666666665,0.7793399691581726,0,0,0
0.5484375,0.42777777777777776,0.8241709470748901,0.5640625,0.5777777777777777,0.5722970366477966,0.496875,0.575,0.4973415434360504,0.4234375,0.6555555555555556,0.5859541893005371,0.4109375,0.5305555555555556,0.6462880969047546,0.628125,0.575,0.5170509219169617,0.665625,0.7472222222222222,0.5684060454368591,0.6234375,0.7777777777777778,0.5400688052177429,0.0,0.0,0.0,0,0,0,0,0,0,0.0,0.0,0.0,0,0,0,0,0,0,0.540625,0.4111111111111111,0.8511262536048889,0.5640625,0.4111111111111111,0.8172484636306763,0.0,0.0,0.0,0.5921875,0.44166666666666665,0.7756736278533936,0,0,0
0.546875,0.42777777777777776,0.880215048789978,0.5625,0.5777777777777777,0.3597804605960846,0.496875,0.575,0.49786192178726196,0.4203125,0.6444444444444445,0.6557339429855347,0.4125,0.5166666666666667,0.6411848068237305,0.6265625,0.575,0.5161566734313965,0.6625,0.7416666666666667,0.5565099120140076,0.6234375,0.7916666666666666,0.4881226122379303,0.0,0.0,0.0,0,0,0,0,0,0,0.0,0.0,0.0,0,0,0,0,0,0,0.5390625,0.4111111111111111,0.8589914441108704,0.5640625,0.4111111111111111,0.8497037291526794,0.0,0.0,0.0,0.590625,0.44166666666666665,0.8018932342529297,0,0,0
0.5453125,0.42777777777777776,0.8734937310218811,0.5609375,0.5777777777777777,0.37339988350868225,0.4921875,0.5722222222222222,0.49812328815460205,0.415625,0.6388888888888888,0.647125244140625,0.4109375,0.5055555555555555,0.615780770778656,0.6234375,0.5777777777777777,0.42683327198028564,0.6625,0.7416666666666667,0.5712316036224365,0.625,0.8055555555555556,0.677069902420044,0.0,0.0,0.0,0,0,0,0,0,0,0.0,0.0,0.0,0,0,0,0,0,0,0.5375,0.41388888888888886,0.8595251441001892,0.5625,0.41388888888888886,0.7961434721946716,0.0,0.0,0.0,0.5890625,0.44166666666666665,0.7752673029899597,0,0,0
0.54375,0.425,0.7949962019920349,0.559375,0.575,0.5254935622215271,0.4890625,0.5694444444444444,0.5467854738235474,0.4125,0.6361111111111111,0.5860719084739685,0.409375,0.5055555555555555,0.5364885926246643,0.6234375,0.575,0.4933377206325531,0.6609375,0.7333333333333333,0.5907021164894104,0.6265625,0.8083333333333333,0.667290985584259,0.509375,0.8333333333333334,0.09143869578838348,0,0,0,0,0,0,0.0,0.0,0.0,0,0,0,0,0,0,0.5359375,0.4111111111111111,0.746677577495575,0.5609375,0.4111111111111111,0.8053996562957764,0.0,0.0,0.0,0.5875,0.44166666666666665,0.7477805018424988,0,0,0
0.5421875,0.42777777777777776,0.8325933814048767,0.55625,0.575,0.5067605972290039,0.4859375,0.5722222222222222,0.5347264409065247,0.4109375,0.6333333333333333,0.6008312702178955,0.4078125,0.49444444444444446,0.6151795387268066,0.621875,0.5722222222222222,0.5234347581863403,0.6609375,0.7416666666666667,0.6392513513565063,0.6265625,0.8083333333333333,0.7097880840301514,0.0,0.0,0.0,0,0,0,0,0,0,0.0,0.0,0.0,0,0,0,0,0,0,0.534375,0.4111111111111111,0.8228262662887573,0.559375,0.4111111111111111,0.8316080570220947,0.0,0.0,0.0,0.5859375,0.44166666666666665,0.7335856556892395,0,0,0
0.540625,0.42777777777777776,0.8347445130348206,0.5546875,0.575,0.5206295847892761,0.4859375,0.5694444444444444,0.5009971261024475,0.4078125,0.6305555555555555,0.6124259233474731,0.403125,0.49166666666666664,0.6407016515731812,0.6203125,0.5777777777777777,0.45955851674079895,0.659375,0.7416666666666667,0.6642798185348511,0.6234375,0.8083333333333333,0.634096086025238,0.0,0.0,0.0,0,0,0,0,0,0,0.0,0.0,0.0,0,0,0,0,0,0,0.5328125,0.41388888888888886,0.8806844353675842,0.5578125,0.4111111111111111,0.8677142858505249,0.0,0.0,0.0,0.584375,0.4444444444444444,0.7606964707374573,0,0,0
0.540625,0.4305555555555556,0.7833544611930847,0.5546875,0.5805555555555556,0.4748258590698242,0.48125,0.575,0.4848111867904663,0.4046875,0.6166666666666667,0.640228807926178,0.396875,0.4888888888888889,0.4857598841190338,0.6203125,0.5777777777777777,0.5031851530075073,0.653125,0.7305555555555555,0.681507408618927,0.625,0.8,0.6329936981201172,0.50625,0.8777777777777778,0.07804223150014877,0,0,0,0,0,0,0.0,0.0,0.0,0,0,0,0,0,0,0.5328125,0.41388888888888886,0.8797295093536377,0.55625,0.41388888888888886,0.8523208498954773,0.521875,0.43333333333333335,0.2670225501060486,0.5828125,0.4444444444444444,0.7911080718040466,0,0,0
0.5375,0.4305555555555556,0.765363335609436,0.553125,0.575,0.6203867793083191,0.4765625,0.5722222222222222,0.48837339878082275,0.4015625,0.5916666666666667,0.6809752583503723,0.39375,0.4527777777777778,0.4003585875034332,0.6171875,0.575,0.4975876808166504,0.653125,0.725,0.693339467048645,0.6234375,0.7972222222222223,0.6531003713607788,0.5015625,0.8722222222222222,0.1108587458729744,0,0,0,0,0,0,0.0,0.0,0.0,0,0,0,0,0,0,0.5296875,0.41388888888888886,0.8253850340843201,0.5546875,0.41388888888888886,0.8284843564033508,0.5203125,0.4361111111111111,0.12066829949617386,0.5796875,0.4444444444444444,0.7584232091903687,0,0,0
0.534375,0.4305555555555556,0.7872441411018372,0.5484375,0.5722222222222222,0.6387406587600708,0.4734375,0.5694444444444444,0.4565398097038269,0.4015625,0.5583333333333333,0.6643872261047363,0.39375,0.42777777777777776,0.1427028775215149,0.615625,0.575,0.48585382103919983,0.6515625,0.725,0.6855379939079285,0.621875,0.7972222222222223,0.6243790984153748,0.0,0.0,0.0,0,0,0,0,0,0,0.0,0.0,0.0,0,0,0,0,0,0,0.5265625,0.4166666666666667,0.8595677614212036,0.55,0.41388888888888886,0.87238609790802,0.515625,0.4388888888888889,0.2204539179801941,0.5765625,0.4444444444444444,0.7674727439880371,0,0,0
0.53125,0.4305555555555556,0.7470003366470337,0.546875,0.5694444444444444,0.6543096899986267,0.475,0.5666666666666667,0.428059458732605,0.3984375,0.5305555555555556,0.651039719581604,0.4,0.38333333333333336,0.5123547315597534,0.6140625,0.5722222222222222,0.5561070442199707,0.65,0.725,0.650912880897522,0.6234375,0.8138888888888889,0.5582641363143921,0.5015625,0.8944444444444445,0.09514295309782028,0,0,0,0,0,0,0.0,0.0,0.0,0,0,0,0,0,0,0.5234375,0.4166666666666667,0.8196212649345398,0.5484375,0.41388888888888886,0.8538983464241028,0.5125,0.44722222222222224,0.12420283257961273,0.5734375,0.4444444444444444,0.7007397413253784,0,0,0
0.5296875,0.43333333333333335,0.7558077573776245,0.5453125,0.5694444444444444,0.6512253880500793,0.4796875,0.5666666666666667,0.35387688875198364,0.3984375,0.5138888888888888,0.6642663478851318,0.4,0.3638888888888889,0.3647148311138153,0.609375,0.5694444444444444,0.5459098219871521,0.6484375,0.7333333333333333,0.6009568572044373,0.6234375,0.8527777777777777,0.4111030101776123,0.50625,0.8611111111111112,0.09675256162881851,0,0,0,0,0,0,0.0,0.0,0.0,0,0,0,0,0,0,0.5203125,0.4166666666666667,0.8719353675842285,0.5453125,0.4166666666666667,0.8852875232696533,0.0,0.0,0.0,0.5734375,0.4444444444444444,0.7402730584144592,0,0,0
