0.4391891891891892,0.3323170731707317,0.8168371319770813,0.4594594594594595,0.5182926829268293,0.542953372001648,0.38344594594594594,0.524390243902439,0.41007694602012634,0.34628378378378377,0.7317073170731707,0.44249415397644043,0.30405405405405406,0.9085365853658537,0.4306900203227997,0.5320945945945946,0.5091463414634146,0.4891067445278168,0.5692567567567568,0.7225609756097561,0.4211299419403076,0.6097972972972973,0.9176829268292683,0.2564181089401245,0.0,0.0,0.0,0,0,0,0,0,0,0.0,0.0,0.0,0,0,0,0,0,0,0.43074324324324326,0.31402439024390244,0.8011564612388611,0.4594594594594595,0.31402439024390244,0.8059870600700378,0.0,0.0,0.0,0.49324324324324326,0.35060975609756095,0.7301921248435974,0,0,0
0.4391891891891892,0.3323170731707317,0.8281497359275818,0.4594594594594595,0.5182926829268293,0.5385732054710388,0.38513513513513514,0.5335365853658537,0.35715749859809875,0.34459459459459457,0.7317073170731707,0.41297662258148193,0.2956081081081081,0.8902439024390244,0.42543500661849976,0.5320945945945946,0.5060975609756098,0.5092368125915527,0.5675675675675675,0.7103658536585366,0.2827104330062866,0.6131756756756757,0.9024390243902439,0.10546357929706573,0.0,0.0,0.0,0,0,0,0,0,0,0.0,0.0,0.0,0,0,0,0,0,0,0.43243243243243246,0.31097560975609756,0.7310224771499634,0.4594594594594595,0.31402439024390244,0.8095459342002869,0.0,0.0,0.0,0.49324324324324326,0.35060975609756095,0.7438502907752991,0,0,0
0.4391891891891892,0.3323170731707317,0.827360987663269,0.4594594594594595,0.5182926829268293,0.5388519763946533,0.38513513513513514,0.5335365853658537,0.3408844769001007,0.34459459459459457,0.7317073170731707,0.4279526472091675,0.2972972972972973,0.8902439024390244,0.37569302320480347,0.5320945945945946,0.5060975609756098,0.5002317428588867,0.5675675675675675,0.7103658536585366,0.2522019147872925,0.0,0.0,0.0,0.0,0.0,0.0,0,0,0,0,0,0,0.0,0.0,0.0,0,0,0,0,0,0,0.43243243243243246,0.31097560975609756,0.7299002408981323,0.4594594594594595,0.31402439024390244,0.806983232498169,0.0,0.0,0.0,0.49324324324324326,0.35060975609756095,0.7401999235153198,0,0,0
0.4391891891891892,0.3323170731707317,0.8303983807563782,0.46114864864864863,0.5182926829268293,0.5785225033760071,0.38682432432432434,0.5365853658536586,0.4044467508792877,0.33783783783783783,0.7378048780487805,0.5088025331497192,0.27871621621621623,0.875,0.16362769901752472,0.5337837837837838,0.5060975609756098,0.5062307119369507,0.0,0.0,0.0,0.0,0.0,0.0,0.0,0.0,0.0,0,0,0,0,0,0,0.0,0.0,0.0,0,0,0,0,0,0,0.43074324324324326,0.31097560975609756,0.7570254802703857,0.4594594594594595,0.31402439024390244,0.8134322762489319,0.0,0.0,0.0,0.49324324324324326,0.35060975609756095,0.748794436454773,0,0,0
0.4391891891891892,0.3323170731707317,0.8297902345657349,0.46114864864864863,0.5152439024390244,0.5799603462219238,0.38682432432432434,0.5365853658536586,0.3907729387283325,0.33614864864864863,0.7439024390243902,0.5454500317573547,0.27702702702702703,0.875,0.1701423078775406,0.5320945945945946,0.5060975609756098,0.504163384437561,0.0,0.0,0.0,0.0,0.0,0.0,0.0,0.0,0.0,0,0,0,0,0,0,0.0,0.0,0.0,0,0,0,0,0,0,0.43074324324324326,0.31097560975609756,0.7600398063659668,0.4594594594594595,0.31402439024390244,0.8185232877731323,0.0,0.0,0.0,0.49324324324324326,0.35060975609756095,0.7504976391792297,0,0,0
0.4391891891891892,0.3323170731707317,0.8184991478919983,0.46114864864864863,0.5182926829268293,0.578742265701294,0.38682432432432434,0.5396341463414634,0.3690330982208252,0.3310810810810811,0.7317073170731707,0.41936686635017395,0.2668918918918919,0.8445121951219512,0.3135439157485962,0.5337837837837838,0.5060975609756098,0.5128217339515686,0.0,0.0,0.0,0.0,0.0,0.0,0.0,0.0,0.0,0,0,0,0,0,0,0.0,0.0,0.0,0,0,0,0,0,0,0.43074324324324326,0.31097560975609756,0.7557545900344849,0.4594594594594595,0.31402439024390244,0.8096638321876526,0.0,0.0,0.0,0.49324324324324326,0.35060975609756095,0.7488927841186523,0,0,0
0.4391891891891892,0.3323170731707317,0.822163462638855,0.46114864864864863,0.5152439024390244,0.5817827582359314,0.3885135135135135,0.5396341463414634,0.36211007833480835,0.3310810810810811,0.7347560975609756,0.47473466396331787,0.2652027027027027,0.8475609756097561,0.3082325756549835,0.5337837837837838,0.5060975609756098,0.5118176937103271,0.0,0.0,0.0,0.0,0.0,0.0,0.0,0.0,0.0,0,0,0,0,0,0,0.0,0.0,0.0,0,0,0,0,0,0,0.43074324324324326,0.31097560975609756,0.753450870513916,0.4594594594594595,0.31402439024390244,0.8066699504852295,0.0,0.0,0.0,0.49324324324324326,0.35060975609756095,0.74969083070755,0,0,0
0.4391891891891892,0.32926829268292684,0.8054075837135315,0.46283783783783783,0.5182926829268293,0.5561941862106323,0.3902027027027027,0.5335365853658537,0.30415648221969604,0.32432432432432434,0.725609756097561,0.5577806830406189,0.2635135135135135,0.8079268292682927,0.2656788229942322,0.5320945945945946,0.5030487804878049,0.5007920265197754,0.0,0.0,0.0,0.0,0.0,0.0,0.0,0.0,0.0,0,0,0,0,0,0,0.0,0.0,0.0,0,0,0,0,0,0,0.43074324324324326,0.31097560975609756,0.7936704754829407,0.4594594594594595,0.31402439024390244,0.8199855089187622,0.0,0.0,0.0,0.49324324324324326,0.35060975609756095,0.7483466267585754,0,0,0
0.4391891891891892,0.32926829268292684,0.8085825443267822,0.46283783783783783,0.5182926829268293,0.5579098463058472,0.3902027027027027,0.5335365853658537,0.3246733546257019,0.32263513513513514,0.725609756097561,0.5612804293632507,0.26013513513513514,0.8170731707317073,0.19857598841190338,0.5320945945945946,0.5030487804878049,0.50117427110672,0.0,0.0,0.0,0.0,0.0,0.0,0.0,0.0,0.0,0,0,0,0,0,0,0.0,0.0,0.0,0,0,0,0,0,0,0.43074324324324326,0.31097560975609756,0.792445719242096,0.4594594594594595,0.31402439024390244,0.8231697678565979,0.0,0.0,0.0,0.49324324324324326,0.35060975609756095,0.7479661703109741,0,0,0
0.4391891891891892,0.32926829268292684,0.7995947599411011,0.46114864864864863,0.5182926829268293,0.5528233051300049,0.3885135135135135,0.5335365853658537,0.3376122713088989,0.33952702702702703,0.676829268292683,0.26819705963134766,0.0,0.0,0.0,0.5337837837837838,0.5030487804878049,0.5379475355148315,0.0,0.0,0.0,0.0,0.0,0.0,0.0,0.0,0.0,0,0,0,0,0,0,0.0,0.0,0.0,0,0,0,0,0,0,0.43074324324324326,0.31097560975609756,0.7856531739234924,0.4594594594594595,0.31402439024390244,0.8078632950782776,0.0,0.0,0.0,0.49324324324324326,0.35060975609756095,0.7694497108459473,0,0,0
0.4391891891891892,0.32926829268292684,0.7998573780059814,0.46114864864864863,0.5182926829268293,0.5576484203338623,0.3885135135135135,0.5335365853658537,0.34187057614326477,0.33952702702702703,0.676829268292683,0.2848879098892212,0.0,0.0,0.0,0.5337837837837838,0.5030487804878049,0.540966808795929,0.0,0.0,0.0,0.0,0.0,0.0,0.0,0.0,0.0,0,0,0,0,0,0,0.0,0.0,0.0,0,0,0,0,0,0,0.43074324324324326,0.31097560975609756,0.7865543961524963,0.4594594594594595,0.31402439024390244,0.8085762858390808,0.0,0.0,0.0,0.49324324324324326,0.35060975609756095,0.7675672769546509,0,0,0
0.4391891891891892,0.32926829268292684,0.8131962418556213,0.46114864864864863,0.5182926829268293,0.5483648180961609,0.3918918918918919,0.5335365853658537,0.35367316007614136,0.33952702702702703,0.6585365853658537,0.40119725465774536,0.0,0.0,0.0,0.5337837837837838,0.5030487804878049,0.4961298704147339,0.0,0.0,0.0,0.0,0.0,0.0,0.0,0.0,0.0,0,0,0,0,0,0,0.0,0.0,0.0,0,0,0,0,0,0,0.43074324324324326,0.31097560975609756,0.768471360206604,0.4594594594594595,0.31402439024390244,0.801140308380127,0.0,0.0,0.0,0.49324324324324326,0.35060975609756095,0.7650184631347656,0,0,0
0.4391891891891892,0.32926829268292684,0.8133004307746887,0.46283783783783783,0.5213414634146342,0.5327765941619873,0.3918918918918919,0.5335365853658537,0.32657590508461,0.34121621621621623,0.6554878048780488,0.4098593294620514,0.0,0.0,0.0,0.5337837837837838,0.5030487804878049,0.49946343898773193,0.0,0.0,0.0,0.0,0.0,0.0,0.0,0.0,0.0,0,0,0,0,0,0,0.0,0.0,0.0,0,0,0,0,0,0,0.43074324324324326,0.31097560975609756,0.7742400169372559,0.4594594594594595,0.31402439024390244,0.8013529181480408,0.0,0.0,0.0,0.49324324324324326,0.35060975609756095,0.769586980342865,0,0,0
0.4391891891891892,0.32926829268292684,0.7969926595687866,0.46114864864864863,0.5182926829268293,0.5692172646522522,0.38682432432432434,0.5457317073170732,0.3609869182109833,0.3327702702702703,0.6524390243902439,0.34571412205696106,0.0,0.0,0.0,0.5337837837837838,0.5,0.5205038785934448,0.0,0.0,0.0,0.0,0.0,0.0,0.0,0.0,0.0,0,0,0,0,0,0,0.0,0.0,0.0,0,0,0,0,0,0,0.43243243243243246,0.31097560975609756,0.7816874980926514,0.4594594594594595,0.31097560975609756,0.8157405257225037,0.0,0.0,0.0,0.49324324324324326,0.35060975609756095,0.7660059332847595,0,0,0
0.4391891891891892,0.32926829268292684,0.802826464176178,0.46283783783783783,0.5182926829268293,0.5804848074913025,0.38682432432432434,0.5457317073170732,0.3675098717212677,0.3310810810810811,0.6524390243902439,0.3194703459739685,0.0,0.0,0.0,0.5337837837837838,0.5,0.5255047082901001,0.0,0.0,0.0,0.0,0.0,0.0,0.0,0.0,0.0,0,0,0,0,0,0,0.0,0.0,0.0,0,0,0,0,0,0,0.43243243243243246,0.31097560975609756,0.7792921662330627,0.4594594594594595,0.31097560975609756,0.815279483795166,0.0,0.0,0.0,0.49324324324324326,0.35060975609756095,0.7668642997741699,0,0,0
0.4391891891891892,0.32926829268292684,0.8044574856758118,0.46114864864864863,0.5213414634146342,0.5155684947967529,0.38513513513513514,0.5396341463414634,0.340078741312027,0.3293918918918919,0.6463414634146342,0.23665152490139008,0.28885135135135137,0.6707317073170732,0.09196871519088745,0.5320945945945946,0.4969512195121951,0.48574119806289673,0.0,0.0,0.0,0.0,0.0,0.0,0.0,0.0,0.0,0,0,0,0,0,0,0.0,0.0,0.0,0,0,0,0,0,0,0.43243243243243246,0.31097560975609756,0.7921301126480103,0.4594594594594595,0.31097560975609756,0.8271012306213379,0.0,0.0,0.0,0.49324324324324326,0.35060975609756095,0.7614964246749878,0,0,0
0.4391891891891892,0.32926829268292684,0.8047077059745789,0.46114864864864863,0.5213414634146342,0.5063880085945129,0.38513513513513514,0.5365853658536586,0.3300570845603943,0.3344594594594595,0.6432926829268293,0.3047133684158325,0.28716216216216217,0.6707317073170732,0.09901080280542374,0.5320945945945946,0.5,0.473720908164978,0.581081081081081,0.6646341463414634,0.07912883162498474,0.0,0.0,0.0,0.0,0.0,0.0,0,0,0,0,0,0,0.0,0.0,0.0,0,0,0,0,0,0,0.43243243243243246,0.31097560975609756,0.7899897694587708,0.4594594594594595,0.31097560975609756,0.8276395797729492,0.0,0.0,0.0,0.49324324324324326,0.35060975609756095,0.7623600959777832,0,0,0
0.4391891891891892,0.32926829268292684,0.8118242025375366,0.46283783783783783,0.5152439024390244,0.5397433042526245,0.3885135135135135,0.5304878048780488,0.35380885004997253,0.3327702702702703,0.6280487804878049,0.23057997226715088,0.0,0.0,0.0,0.5337837837837838,0.5,0.5134735107421875,0.0,0.0,0.0,0.0,0.0,0.0,0.0,0.0,0.0,0,0,0,0,0,0,0.0,0.0,0.0,0,0,0,0,0,0,0.43243243243243246,0.31097560975609756,0.7688279151916504,0.4594594594594595,0.31097560975609756,0.8251673579216003,0.0,0.0,0.0,0.49324324324324326,0.35060975609756095,0.7535505890846252,0,0,0
0.4391891891891892,0.32926829268292684,0.8129008412361145,0.46283783783783783,0.5152439024390244,0.5254071354866028,0.3902027027027027,0.5304878048780488,0.33343374729156494,0.3344594594594595,0.6280487804878049,0.2007797658443451,0.0,0.0,0.0,0.5337837837837838,0.5,0.5123893618583679,0.0,0.0,0.0,0.0,0.0,0.0,0.0,0.0,0.0,0,0,0,0,0,0,0.0,0.0,0.0,0,0,0,0,0,0,0.43243243243243246,0.31097560975609756,0.7694815397262573,0.4594594594594595,0.31097560975609756,0.8271517157554626,0.0,0.0,0.0,0.49324324324324326,0.35060975609756095,0.7490922808647156,0,0,0
0.4391891891891892,0.32926829268292684,0.7532733678817749,0.46452702702702703,0.5152439024390244,0.5169569849967957,0.38513513513513514,0.5365853658536586,0.2815767824649811,0.2972972972972973,0.6371951219512195,0.14615322649478912,0.0,0.0,0.0,0.5320945945945946,0.4969512195121951,0.49081358313560486,0.0,0.0,0.0,0.0,0.0,0.0,0.0,0.0,0.0,0,0,0,0,0,0,0.0,0.0,0.0,0,0,0,0,0,0,0.43074324324324326,0.31097560975609756,0.7639496326446533,0.4594594594594595,0.31402439024390244,0.8069244027137756,0.0,0.0,0.0,0.49324324324324326,0.35060975609756095,0.7070666551589966,0,0,0
0.4391891891891892,0.32926829268292684,0.756310224533081,0.46452702702702703,0.5152439024390244,0.5111146569252014,0.38513513513513514,0.5365853658536586,0.2666907012462616,0.2956081081081081,0.6371951219512195,0.11750086396932602,0.14189189189189189,0.6097560975609756,0.11209109425544739,0.5337837837837838,0.4969512195121951,0.4919297695159912,0.0,0.0,0.0,0.0,0.0,0.0,0.0,0.0,0.0,0,0,0,0,0,0,0.0,0.0,0.0,0,0,0,0,0,0,0.43074324324324326,0.31097560975609756,0.7667436599731445,0.4594594594594595,0.31402439024390244,0.8036150932312012,0.0,0.0,0.0,0.49324324324324326,0.35060975609756095,0.7053431868553162,0,0,0
0.4375,0.32926829268292684,0.7629286050796509,0.46114864864864863,0.5121951219512195,0.5531176328659058,0.3783783783783784,0.5426829268292683,0.2979145050048828,0.31756756756756754,0.6067073170731707,0.18682299554347992,0.18243243243243243,0.5975609756097561,0.13080620765686035,0.5337837837837838,0.4969512195121951,0.5449633002281189,0.0,0.0,0.0,0.0,0.0,0.0,0.0,0.0,0.0,0,0,0,0,0,0,0.0,0.0,0.0,0,0,0,0,0,0,0.43074324324324326,0.31097560975609756,0.7824400663375854,0.4577702702702703,0.31402439024390244,0.7647765874862671,0.0,0.0,0.0,0.49155405405405406,0.35060975609756095,0.7181012034416199,0,0,0
0.4375,0.32926829268292684,0.7668628692626953,0.46114864864864863,0.5121951219512195,0.5416279435157776,0.3783783783783784,0.5396341463414634,0.29293256998062134,0.3158783783783784,0.6097560975609756,0.16465167701244354,0.0,0.0,0.0,0.5337837837837838,0.4969512195121951,0.5513468980789185,0.0,0.0,0.0,0.0,0.0,0.0,0.0,0.0,0.0,0,0,0,0,0,0,0.0,0.0,0.0,0,0,0,0,0,0,0.43074324324324326,0.31097560975609756,0.7820360064506531,0.4577702702702703,0.31402439024390244,0.7678690552711487,0.0,0.0,0.0,0.49155405405405406,0.35060975609756095,0.7192530632019043,0,0,0
0.4375,0.32926829268292684,0.7676587104797363,0.4594594594594595,0.5152439024390244,0.5220362544059753,0.375,0.5365853658536586,0.36080360412597656,0.30574324324324326,0.5975609756097561,0.1409614086151123,0.18412162162162163,0.5640243902439024,0.18461595475673676,0.5337837837837838,0.49390243902439024,0.5294609665870667,0.0,0.0,0.0,0.0,0.0,0.0,0.0,0.0,0.0,0,0,0,0,0,0,0.0,0.0,0.0,0,0,0,0,0,0,0.43074324324324326,0.31097560975609756,0.8106105327606201,0.4560810810810811,0.31402439024390244,0.817432701587677,0.0,0.0,0.0,0.49155405405405406,0.35365853658536583,0.7211942076683044,0,0,0
0.4375,0.32926829268292684,0.7739810347557068,0.4594594594594595,0.5152439024390244,0.5335572957992554,0.375,0.5396341463414634,0.37252840399742126,0.31756756756756754,0.5914634146341463,0.19482459127902985,0.1858108108108108,0.5640243902439024,0.2109774500131607,0.5337837837837838,0.4969512195121951,0.5162186026573181,0.0,0.0,0.0,0.0,0.0,0.0,0.0,0.0,0.0,0,0,0,0,0,0,0.0,0.0,0.0,0,0,0,0,0,0,0.43074324324324326,0.31097560975609756,0.8077520132064819,0.4560810810810811,0.31402439024390244,0.8189027309417725,0.0,0.0,0.0,0.49155405405405406,0.35365853658536583,0.7218762040138245,0,0,0
0.4358108108108108,0.32926829268292684,0.7925904989242554,0.4594594594594595,0.5152439024390244,0.5251902937889099,0.3766891891891892,0.5335365853658537,0.40981242060661316,0.27702702702702703,0.5914634146341463,0.30984291434288025,0.18074324324324326,0.5304878048780488,0.41559508442878723,0.535472972972973,0.4969512195121951,0.5371321439743042,0.0,0.0,0.0,0.0,0.0,0.0,0.0,0.0,0.0,0,0,0,0,0,0,0.0,0.0,0.0,0,0,0,0,0,0,0.42736486486486486,0.31097560975609756,0.8106245398521423,0.4560810810810811,0.31402439024390244,0.8258325457572937,0.0,0.0,0.0,0.49155405405405406,0.35060975609756095,0.7305659651756287,0,0,0
0.4358108108108108,0.32926829268292684,0.7955016493797302,0.4594594594594595,0.5152439024390244,0.5220187902450562,0.3766891891891892,0.5335365853658537,0.4308674931526184,0.27871621621621623,0.5884146341463414,0.28294622898101807,0.18243243243243243,0.5335365853658537,0.3745900094509125,0.535472972972973,0.4969512195121951,0.5244039297103882,0.0,0.0,0.0,0.0,0.0,0.0,0.0,0.0,0.0,0,0,0,0,0,0,0.0,0.0,0.0,0,0,0,0,0,0,0.42736486486486486,0.31097560975609756,0.8096687197685242,0.4560810810810811,0.31402439024390244,0.8238731026649475,0.0,0.0,0.0,0.49155405405405406,0.35060975609756095,0.7337324023246765,0,0,0
0.4358108108108108,0.32926829268292684,0.8223590850830078,0.46114864864864863,0.5121951219512195,0.5039304494857788,0.3766891891891892,0.5365853658536586,0.358974426984787,0.28040540540540543,0.573170731707317,0.2742587625980377,0.1858108108108108,0.5030487804878049,0.26807838678359985,0.5337837837837838,0.4969512195121951,0.5023378133773804,0.0,0.0,0.0,0.0,0.0,0.0,0.0,0.0,0.0,0,0,0,0,0,0,0.0,0.0,0.0,0,0,0,0,0,0,0.42736486486486486,0.31097560975609756,0.8262993097305298,0.4543918918918919,0.31402439024390244,0.8474363684654236,0.0,0.0,0.0,0.48986486486486486,0.35060975609756095,0.7540169358253479,0,0,0
0.4358108108108108,0.32926829268292684,0.8201392889022827,0.4594594594594595,0.5121951219512195,0.4904191493988037,0.375,0.5365853658536586,0.38619184494018555,0.28040540540540543,0.5762195121951219,0.2803488075733185,0.1858108108108108,0.5030487804878049,0.22923780977725983,0.5337837837837838,0.4969512195121951,0.48481276631355286,0.0,0.0,0.0,0.0,0.0,0.0,0.0,0.0,0.0,0,0,0,0,0,0,0.0,0.0,0.0,0,0,0,0,0,0,0.42736486486486486,0.31097560975609756,0.8245974779129028,0.4543918918918919,0.31402439024390244,0.8452100157737732,0.0,0.0,0.0,0.48986486486486486,0.35060975609756095,0.7625836133956909,0,0,0
0.4341216216216216,0.3323170731707317,0.8413708806037903,0.46283783783783783,0.5060975609756098,0.5698251128196716,0.3766891891891892,0.5274390243902439,0.46828070282936096,0.28378378378378377,0.5640243902439024,0.2596128582954407,0.18412162162162163,0.46646341463414637,0.16661401093006134,0.5320945945945946,0.49390243902439024,0.46181395649909973,0.0,0.0,0.0,0.0,0.0,0.0,0.0,0.0,0.0,0,0,0,0,0,0,0.0,0.0,0.0,0,0,0,0,0,0,0.42736486486486486,0.31097560975609756,0.8136292695999146,0.4543918918918919,0.31402439024390244,0.8188925385475159,0.0,0.0,0.0,0.48986486486486486,0.35060975609756095,0.7888997197151184,0,0,0
0.4341216216216216,0.3323170731707317,0.8415429592132568,0.46283783783783783,0.5030487804878049,0.577778697013855,0.3766891891891892,0.5274390243902439,0.44694188237190247,0.28547297297297297,0.5640243902439024,0.28067904710769653,0.18412162162162163,0.46646341463414637,0.16369421780109406,0.5320945945945946,0.49085365853658536,0.46865278482437134,0.0,0.0,0.0,0.0,0.0,0.0,0.0,0.0,0.0,0,0,0,0,0,0,0.0,0.0,0.0,0,0,0,0,0,0,0.42736486486486486,0.31097560975609756,0.8170425295829773,0.4543918918918919,0.31402439024390244,0.8189690709114075,0.0,0.0,0.0,0.48986486486486486,0.35060975609756095,0.7894511818885803,0,0,0
0.4341216216216216,0.3323170731707317,0.8479724526405334,0.4594594594594595,0.5060975609756098,0.5473805069923401,0.375,0.524390243902439,0.400057852268219,0.28885135135135137,0.5487804878048781,0.34502464532852173,0.19087837837837837,0.4298780487804878,0.2701016962528229,0.5337837837837838,0.49390243902439024,0.42329859733581543,0.6047297297297297,0.5609756097560976,0.11512400209903717,0.0,0.0,0.0,0.0,0.0,0.0,0,0,0,0,0,0,0.0,0.0,0.0,0,0,0,0,0,0,0.42736486486486486,0.31402439024390244,0.8083335161209106,0.4527027027027027,0.31402439024390244,0.7991907596588135,0.0,0.0,0.0,0.48986486486486486,0.35060975609756095,0.7821400165557861,0,0,0
0.4341216216216216,0.3323170731707317,0.8455923795700073,0.46114864864864863,0.5060975609756098,0.539822518825531,0.3733108108108108,0.5274390243902439,0.4117216169834137,0.28885135135135137,0.5487804878048781,0.34759610891342163,0.19256756756756757,0.43597560975609756,0.4055527448654175,0.5337837837837838,0.49390243902439024,0.4146777391433716,0.6013513513513513,0.5609756097560976,0.08888784795999527,0.0,0.0,0.0,0.0,0.0,0.0,0,0,0,0,0,0,0.0,0.0,0.0,0,0,0,0,0,0,0.42567567567567566,0.31097560975609756,0.8068791627883911,0.4527027027027027,0.31402439024390244,0.8011417984962463,0.0,0.0,0.0,0.48986486486486486,0.35060975609756095,0.7831833362579346,0,0,0
0.4341216216216216,0.3323170731707317,0.845305860042572,0.4594594594594595,0.5060975609756098,0.5510630011558533,0.36824324324324326,0.524390243902439,0.45656371116638184,0.2922297297297297,0.5426829268292683,0.23120909929275513,0.19594594594594594,0.39939024390243905,0.26171979308128357,0.5388513513513513,0.4969512195121951,0.4276406764984131,0.0,0.0,0.0,0.0,0.0,0.0,0.0,0.0,0.0,0,0,0,0,0,0,0.0,0.0,0.0,0,0,0,0,0,0,0.42567567567567566,0.31402439024390244,0.8008662462234497,0.4543918918918919,0.31402439024390244,0.7986463308334351,0.4172297297297297,0.3323170731707317,0.12922893464565277,0.48986486486486486,0.35060975609756095,0.7738296389579773,0,0,0
0.4341216216216216,0.3323170731707317,0.8483116626739502,0.46114864864864863,0.5060975609756098,0.5663764476776123,0.36824324324324326,0.524390243902439,0.4553490877151489,0.2939189189189189,0.5426829268292683,0.21310091018676758,0.19594594594594594,0.39939024390243905,0.2929469048976898,0.5388513513513513,0.4969512195121951,0.4132533669471741,0.0,0.0,0.0,0.0,0.0,0.0,0.0,0.0,0.0,0,0,0,0,0,0,0.5118243243243243,0.8109756097560976,0.07037971913814545,0,0,0,0,0,0,0.42567567567567566,0.31402439024390244,0.7986252903938293,0.4543918918918919,0.31402439024390244,0.7978443503379822,0.4172297297297297,0.3323170731707317,0.13220660388469696,0.48986486486486486,0.35060975609756095,0.7740787863731384,0,0,0
0.4341216216216216,0.3323170731707317,0.8479798436164856,0.4594594594594595,0.5030487804878049,0.5445488691329956,0.36993243243243246,0.5213414634146342,0.43234699964523315,0.28716216216216217,0.5304878048780488,0.19521184265613556,0.0,0.0,0.0,0.5405405405405406,0.4969512195121951,0.3809415400028229,0.0,0.0,0.0,0.0,0.0,0.0,0.0,0.0,0.0,0,0,0,0,0,0,0.0,0.0,0.0,0,0,0,0,0,0,0.42567567567567566,0.31097560975609756,0.8048795461654663,0.4543918918918919,0.31402439024390244,0.8121774196624756,0.0,0.0,0.0,0.48986486486486486,0.35060975609756095,0.7732055187225342,0,0,0
0.4341216216216216,0.3323170731707317,0.8469456434249878,0.4594594594594595,0.5030487804878049,0.5379274487495422,0.36993243243243246,0.5213414634146342,0.429451584815979,0.2905405405405405,0.5304878048780488,0.1786603033542633,0.0,0.0,0.0,0.5388513513513513,0.4969512195121951,0.37835103273391724,0.0,0.0,0.0,0.0,0.0,0.0,0.0,0.0,0.0,0,0,0,0,0,0,0.0,0.0,0.0,0,0,0,0,0,0,0.42567567567567566,0.31097560975609756,0.8073380589485168,0.4543918918918919,0.31402439024390244,0.8131591081619263,0.0,0.0,0.0,0.48986486486486486,0.35060975609756095,0.7737642526626587,0,0,0
0.4358108108108108,0.3323170731707317,0.8405671715736389,0.4560810810810811,0.5,0.5071955323219299,0.3716216216216216,0.5121951219512195,0.39739346504211426,0.32094594594594594,0.5274390243902439,0.09403950721025467,0.0,0.0,0.0,0.5371621621621622,0.49390243902439024,0.3918808698654175,0.6013513513513513,0.5182926829268293,0.11778593063354492,0.0,0.0,0.0,0.0,0.0,0.0,0,0,0,0,0,0,0.0,0.0,0.0,0,0,0,0,0,0,0.42736486486486486,0.31097560975609756,0.8077271580696106,0.4543918918918919,0.31402439024390244,0.8236662745475769,0.0,0.0,0.0,0.48986486486486486,0.3475609756097561,0.8103328943252563,0,0,0
0.4358108108108108,0.3323170731707317,0.8389340043067932,0.4577702702702703,0.4969512195121951,0.5057724118232727,0.36993243243243246,0.5121951219512195,0.4141663908958435,0.32263513513513514,0.5304878048780488,0.09299483895301819,0.0,0.0,0.0,0.5371621621621622,0.49085365853658536,0.3963510990142822,0.6047297297297297,0.5152439024390244,0.14297251403331757,0.0,0.0,0.0,0.0,0.0,0.0,0,0,0,0,0,0,0.0,0.0,0.0,0,0,0,0,0,0,0.42736486486486486,0.31097560975609756,0.8083028793334961,0.4543918918918919,0.31402439024390244,0.828183650970459,0.0,0.0,0.0,0.48986486486486486,0.35060975609756095,0.7945223450660706,0,0,0
0.4358108108108108,0.32926829268292684,0.8291090130805969,0.4577702702702703,0.5030487804878049,0.5306116938591003,0.3716216216216216,0.5060975609756098,0.4307539165019989,0.3108108108108108,0.5152439024390244,0.12725840508937836,0.0,0.0,0.0,0.5405405405405406,0.49390243902439024,0.35725876688957214,0.6081081081081081,0.49085365853658536,0.1674090027809143,0.0,0.0,0.0,0.0,0.0,0.0,0,0,0,0,0,0,0.5168918918918919,0.8201219512195121,0.1402207463979721,0,0,0,0,0,0,0.42736486486486486,0.31097560975609756,0.8202551007270813,0.4543918918918919,0.31402439024390244,0.8334650993347168,0.0,0.0,0.0,0.48986486486486486,0.35060975609756095,0.7674393653869629,0,0,0
0.4358108108108108,0.32926829268292684,0.8281423449516296,0.4577702702702703,0.5030487804878049,0.5186395049095154,0.3733108108108108,0.5091463414634146,0.4406488239765167,0.3108108108108108,0.5121951219512195,0.11286849528551102,0.0,0.0,0.0,0.5388513513513513,0.49085365853658536,0.35898739099502563,0.6081081081081081,0.49390243902439024,0.17689277231693268,0.0,0.0,0.0,0.0,0.0,0.0,0,0,0,0,0,0,0.5168918918918919,0.8201219512195121,0.15540286898612976,0,0,0,0,0,0,0.42736486486486486,0.31097560975609756,0.8178996443748474,0.4543918918918919,0.31402439024390244,0.8297374844551086,0.0,0.0,0.0,0.48986486486486486,0.35060975609756095,0.7686429619789124,0,0,0
0.4375,0.32926829268292684,0.8150351643562317,0.4560810810810811,0.5030487804878049,0.5386092662811279,0.3716216216216216,0.5091463414634146,0.4329790472984314,0.0,0.0,0.0,0.0,0.0,0.0,0.535472972972973,0.47865853658536583,0.3685530126094818,0.6097972972972973,0.4725609756097561,0.17627905309200287,0.0,0.0,0.0,0.0,0.0,0.0,0,0,0,0,0,0,0.0,0.0,0.0,0,0,0,0,0,0,0.42905405405405406,0.31097560975609756,0.817497730255127,0.4560810810810811,0.31402439024390244,0.8067283630371094,0.0,0.0,0.0,0.48986486486486486,0.35060975609756095,0.748553991317749,0,0,0
0.4375,0.32926829268292684,0.8175289630889893,0.4560810810810811,0.5030487804878049,0.5386122465133667,0.3716216216216216,0.5091463414634146,0.4301585257053375,0.0,0.0,0.0,0.0,0.0,0.0,0.535472972972973,0.4817073170731707,0.37467339634895325,0.6148648648648649,0.46646341463414637,0.18762841820716858,0.0,0.0,0.0,0.0,0.0,0.0,0,0,0,0,0,0,0.0,0.0,0.0,0,0,0,0,0,0,0.42905405405405406,0.31402439024390244,0.816982090473175,0.4560810810810811,0.31402439024390244,0.8082934021949768,0.0,0.0,0.0,0.48986486486486486,0.35060975609756095,0.7463276386260986,0,0,0
0.4375,0.3323170731707317,0.7899537682533264,0.4543918918918919,0.5,0.5152993202209473,0.36993243243243246,0.5091463414634146,0.4565728008747101,0.2922297297297297,0.47560975609756095,0.13809043169021606,0.0,0.0,0.0,0.535472972972973,0.4725609756097561,0.3632451295852661,0.6266891891891891,0.43902439024390244,0.40005120635032654,0.6334459459459459,0.38109756097560976,0.11233538389205933,0.0,0.0,0.0,0,0,0,0,0,0,0.0,0.0,0.0,0,0,0,0,0,0,0.42905405405405406,0.31097560975609756,0.8170025944709778,0.4560810810810811,0.31402439024390244,0.8046252131462097,0.0,0.0,0.0,0.49155405405405406,0.35060975609756095,0.7325490117073059,0,0,0
0.4375,0.3323170731707317,0.7878972291946411,0.4543918918918919,0.5,0.5218185782432556,0.3716216216216216,0.5091463414634146,0.45270752906799316,0.0,0.0,0.0,0.0,0.0,0.0,0.5371621621621622,0.47560975609756095,0.3410356640815735,0.6266891891891891,0.43597560975609756,0.4214787185192108,0.6351351351351351,0.3719512195121951,0.2183849960565567,0.0,0.0,0.0,0,0,0,0,0,0,0.0,0.0,0.0,0,0,0,0,0,0,0.42905405405405406,0.31097560975609756,0.8167138695716858,0.4560810810810811,0.31402439024390244,0.8050025105476379,0.0,0.0,0.0,0.49155405405405406,0.35060975609756095,0.7341812252998352,0,0,0
0.4391891891891892,0.32926829268292684,0.762404203414917,0.4577702702702703,0.4969512195121951,0.5835244655609131,0.3733108108108108,0.4969512195121951,0.5073297619819641,0.28547297297297297,0.4573170731707317,0.22728022933006287,0.25844594594594594,0.2774390243902439,0.6700073480606079,0.535472972972973,0.4725609756097561,0.4375680387020111,0.6216216216216216,0.4329268292682927,0.37419554591178894,0.6233108108108109,0.1951219512195122,0.509182870388031,0.0,0.0,0.0,0,0,0,0,0,0,0.0,0.0,0.0,0,0,0,0,0,0,0.42905405405405406,0.31097560975609756,0.8140521049499512,0.4577702702702703,0.31402439024390244,0.7793856859207153,0.0,0.0,0.0,0.49155405405405406,0.35060975609756095,0.7399539351463318,0,0,0
0.4391891891891892,0.32926829268292684,0.7598908543586731,0.4577702702702703,0.4969512195121951,0.5540392994880676,0.3716216216216216,0.4969512195121951,0.4894478917121887,0.28547297297297297,0.4573170731707317,0.24278850853443146,0.26013513513513514,0.2774390243902439,0.6873862147331238,0.535472972972973,0.4725609756097561,0.4250568449497223,0.6199324324324325,0.4329268292682927,0.3263089656829834,0.6233108108108109,0.1951219512195122,0.40644630789756775,0.0,0.0,0.0,0,0,0,0,0,0,0.0,0.0,0.0,0,0,0,0,0,0,0.42905405405405406,0.31097560975609756,0.8122661709785461,0.4577702702702703,0.31402439024390244,0.7688145637512207,0.0,0.0,0.0,0.49155405405405406,0.35060975609756095,0.7335882782936096,0,0,0
0.4391891891891892,0.32926829268292684,0.7678788304328918,0.4577702702702703,0.49390243902439024,0.5735487341880798,0.3766891891891892,0.49390243902439024,0.4985496699810028,0.28378378378378377,0.43902439024390244,0.48233503103256226,0.2702702702702703,0.2682926829268293,0.5695807933807373,0.5422297297297297,0.4725609756097561,0.37055376172065735,0.6216216216216216,0.4176829268292683,0.5945329070091248,0.6216216216216216,0.3231707317073171,0.18220254778862,0.0,0.0,0.0,0,0,0,0,0,0,0.0,0.0,0.0,0,0,0,0,0,0,0.42905405405405406,0.31097560975609756,0.8114645481109619,0.4577702702702703,0.31402439024390244,0.7393531799316406,0.0,0.0,0.0,0.49155405405405406,0.35060975609756095,0.7443034648895264,0,0,0
0.4391891891891892,0.32926829268292684,0.7684396505355835,0.4577702702702703,0.49390243902439024,0.5644944906234741,0.375,0.49390243902439024,0.5054149031639099,0.28378378378378377,0.43902439024390244,0.45351794362068176,0.2702702702702703,0.2682926829268293,0.5759930610656738,0.5422297297297297,0.4725609756097561,0.367730975151062,0.6216216216216216,0.4176829268292683,0.5533137321472168,0.6216216216216216,0.3353658536585366,0.1888783574104309,0.0,0.0,0.0,0,0,0,0,0,0,0.0,0.0,0.0,0,0,0,0,0,0,0.43074324324324326,0.31097560975609756,0.7971553802490234,0.4577702702702703,0.31402439024390244,0.7390871644020081,0.4189189189189189,0.3323170731707317,0.11429614573717117,0.49155405405405406,0.35060975609756095,0.7490621209144592,0,0,0
0.4391891891891892,0.32926829268292684,0.7405650615692139,0.4577702702702703,0.4969512195121951,0.5297427773475647,0.3766891891891892,0.49085365853658536,0.4609549939632416,0.28547297297297297,0.43902439024390244,0.36901941895484924,0.28040540540540543,0.2774390243902439,0.29139015078544617,0.5405405405405406,0.4695121951219512,0.3590250313282013,0.6233108108108109,0.4054878048780488,0.5776883959770203,0.5912162162162162,0.1798780487804878,0.26448553800582886,0.0,0.0,0.0,0,0,0,0,0,0,0.0,0.0,0.0,0,0,0,0,0,0,0.42905405405405406,0.31097560975609756,0.8150811791419983,0.4577702702702703,0.31402439024390244,0.7378767728805542,0.4189189189189189,0.3353658536585366,0.12710726261138916,0.49155405405405406,0.35060975609756095,0.7535727024078369,0,0,0
0.4391891891891892,0.32926829268292684,0.741255521774292,0.4577702702702703,0.4969512195121951,0.5184303522109985,0.3766891891891892,0.49085365853658536,0.4637339115142822,0.28547297297297297,0.43902439024390244,0.3691951632499695,0.28040540540540543,0.28353658536585363,0.2503034472465515,0.5405405405405406,0.4695121951219512,0.36528319120407104,0.6233108108108109,0.4054878048780488,0.5898935794830322,0.5912162162162162,0.1798780487804878,0.2582886517047882,0.0,0.0,0.0,0,0,0,0,0,0,0.0,0.0,0.0,0,0,0,0,0,0,0.42905405405405406,0.31097560975609756,0.8137437701225281,0.4577702702702703,0.31402439024390244,0.7423035502433777,0.4189189189189189,0.3353658536585366,0.13739706575870514,0.49155405405405406,0.35060975609756095,0.7551280856132507,0,0,0
0.4391891891891892,0.32926829268292684,0.7322718501091003,0.4527027027027027,0.49390243902439024,0.5447109341621399,0.3766891891891892,0.49085365853658536,0.4629267156124115,0.28716216216216217,0.43597560975609756,0.31753528118133545,0.28885135135135137,0.25914634146341464,0.4394688010215759,0.5456081081081081,0.4725609756097561,0.3263987898826599,0.625,0.39939024390243905,0.5776647329330444,0.5760135135135135,0.18292682926829268,0.5123523473739624,0.0,0.0,0.0,0,0,0,0,0,0,0.0,0.0,0.0,0,0,0,0,0,0,0.42905405405405406,0.31097560975609756,0.8143592476844788,0.4577702702702703,0.31402439024390244,0.7519316077232361,0.0,0.0,0.0,0.49155405405405406,0.35060975609756095,0.7523808479309082,0,0,0
0.4375,0.32926829268292684,0.7299149036407471,0.4527027027027027,0.4969512195121951,0.5257117748260498,0.3766891891891892,0.49085365853658536,0.4587114453315735,0.28716216216216217,0.43597560975609756,0.243129163980484,0.28885135135135137,0.2621951219512195,0.40937623381614685,0.5456081081081081,0.47560975609756095,0.3095909655094147,0.625,0.39939024390243905,0.5521001815795898,0.5777027027027027,0.18292682926829268,0.3684931993484497,0.0,0.0,0.0,0,0,0,0,0,0,0.0,0.0,0.0,0,0,0,0,0,0,0.42905405405405406,0.31097560975609756,0.814357578754425,0.4577702702702703,0.31402439024390244,0.7523881793022156,0.0,0.0,0.0,0.49155405405405406,0.35060975609756095,0.7504497170448303,0,0,0
0.4375,0.32926829268292684,0.7074304819107056,0.4527027027027027,0.5,0.4688071310520172,0.375,0.4878048780487805,0.4861360490322113,0.28716216216216217,0.4298780487804878,0.4477531611919403,0.2956081081081081,0.2530487804878049,0.6196485757827759,0.5337837837837838,0.4817073170731707,0.2828748822212219,0.625,0.4024390243902439,0.528415322303772,0.0,0.0,0.0,0.0,0.0,0.0,0,0,0,0,0,0,0.0,0.0,0.0,0,0,0,0,0,0,0.42905405405405406,0.31097560975609756,0.8273810148239136,0.4594594594594595,0.31097560975609756,0.7889958620071411,0.0,0.0,0.0,0.49155405405405406,0.35060975609756095,0.7422524690628052,0,0,0
0.4375,0.32926829268292684,0.7045854926109314,0.4543918918918919,0.5,0.4804539978504181,0.375,0.49085365853658536,0.48721927404403687,0.28716216216216217,0.4329268292682927,0.49537137150764465,0.2956081081081081,0.2530487804878049,0.6353908777236938,0.5371621621621622,0.47865853658536583,0.2535713315010071,0.625,0.4024390243902439,0.4938431978225708,0.0,0.0,0.0,0.0,0.0,0.0,0,0,0,0,0,0,0.0,0.0,0.0,0,0,0,0,0,0,0.42905405405405406,0.31097560975609756,0.8279295563697815,0.4594594594594595,0.31097560975609756,0.791454017162323,0.0,0.0,0.0,0.49155405405405406,0.35060975609756095,0.7486593127250671,0,0,0
0.4391891891891892,0.32926829268292684,0.7125820517539978,0.4560810810810811,0.5030487804878049,0.5072082877159119,0.3783783783783784,0.4878048780487805,0.45427289605140686,0.28547297297297297,0.4268292682926829,0.6859546303749084,0.30067567567567566,0.25609756097560976,0.5725567936897278,0.5422297297297297,0.47560975609756095,0.2462698221206665,0.6266891891891891,0.39634146341463417,0.5347627997398376,0.5574324324324325,0.19817073170731708,0.3022272288799286,0.0,0.0,0.0,0,0,0,0,0,0,0.0,0.0,0.0,0,0,0,0,0,0,0.42905405405405406,0.31097560975609756,0.8268510699272156,0.4594594594594595,0.31097560975609756,0.7941810488700867,0.0,0.0,0.0,0.49155405405405406,0.35060975609756095,0.7475318312644958,0,0,0
0.4391891891891892,0.32926829268292684,0.7067869901657104,0.4577702702702703,0.5030487804878049,0.48191866278648376,0.38006756756756754,0.49085365853658536,0.46534913778305054,0.28547297297297297,0.4268292682926829,0.6726487278938293,0.2989864864864865,0.25609756097560976,0.5503897070884705,0.543918918918919,0.47560975609756095,0.27540123462677,0.6266891891891891,0.39634146341463417,0.5013628602027893,0.5557432432432432,0.1951219512195122,0.27761155366897583,0.0,0.0,0.0,0,0,0,0,0,0,0.0,0.0,0.0,0,0,0,0,0,0,0.42905405405405406,0.31097560975609756,0.8249736428260803,0.4594594594594595,0.31097560975609756,0.7945522665977478,0.0,0.0,0.0,0.49155405405405406,0.35060975609756095,0.7414247393608093,0,0,0
0.4391891891891892,0.32621951219512196,0.7097347974777222,0.46114864864864863,0.5060975609756098,0.35033777356147766,0.3766891891891892,0.49085365853658536,0.42146360874176025,0.28378378378378377,0.43597560975609756,0.5159135460853577,0.30743243243243246,0.2621951219512195,0.5810520648956299,0.5388513513513513,0.47560975609756095,0.2525731921195984,0.625,0.39634146341463417,0.459417462348938,0.0,0.0,0.0,0.0,0.0,0.0,0,0,0,0,0,0,0.0,0.0,0.0,0,0,0,0,0,0,0.42905405405405406,0.31097560975609756,0.8370757699012756,0.4594594594594595,0.31097560975609756,0.811951756477356,0.0,0.0,0.0,0.49155405405405406,0.3475609756097561,0.773578405380249,0,0,0
0.4391891891891892,0.32621951219512196,0.7152159214019775,0.46114864864864863,0.5030487804878049,0.3389592170715332,0.3766891891891892,0.49390243902439024,0.37340521812438965,0.28547297297297297,0.43597560975609756,0.48385751247406006,0.30743243243243246,0.2621951219512195,0.5693106651306152,0.5388513513513513,0.47560975609756095,0.2620212435722351,0.6266891891891891,0.3932926829268293,0.45012861490249634,0.5557432432432432,0.21646341463414634,0.11470663547515869,0.0,0.0,0.0,0,0,0,0,0,0,0.0,0.0,0.0,0,0,0,0,0,0,0.42905405405405406,0.31097560975609756,0.8394806385040283,0.4594594594594595,0.31097560975609756,0.80884850025177,0.0,0.0,0.0,0.49155405405405406,0.3475609756097561,0.7764540314674377,0,0,0
0.4375,0.32621951219512196,0.7668097019195557,0.4577702702702703,0.5091463414634146,0.4468522369861603,0.3783783783783784,0.4878048780487805,0.464086651802063,0.28547297297297297,0.43902439024390244,0.5008033514022827,0.3108108108108108,0.27134146341463417,0.5570557117462158,0.5388513513513513,0.47865853658536583,0.16422097384929657,0.6283783783783784,0.39939024390243905,0.4489721953868866,0.5456081081081081,0.2225609756097561,0.11618232727050781,0.0,0.0,0.0,0,0,0,0,0,0,0.0,0.0,0.0,0,0,0,0,0,0,0.42905405405405406,0.31097560975609756,0.83452969789505,0.4577702702702703,0.31097560975609756,0.7798919081687927,0.0,0.0,0.0,0.49155405405405406,0.3475609756097561,0.7849135994911194,0,0,0
0.4375,0.32621951219512196,0.7693053483963013,0.4560810810810811,0.5121951219512195,0.4157361686229706,0.3783783783783784,0.4878048780487805,0.4457348585128784,0.28716216216216217,0.43902439024390244,0.4690658748149872,0.3108108108108108,0.27134146341463417,0.4823569655418396,0.535472972972973,0.4847560975609756,0.1935843825340271,0.6283783783783784,0.39939024390243905,0.46231114864349365,0.5456081081081081,0.2225609756097561,0.14325585961341858,0.0,0.0,0.0,0,0,0,0,0,0,0.0,0.0,0.0,0,0,0,0,0,0,0.42905405405405406,0.31097560975609756,0.8339316844940186,0.4577702702702703,0.31097560975609756,0.7817391157150269,0.0,0.0,0.0,0.49155405405405406,0.3475609756097561,0.785017728805542,0,0,0
0.4375,0.32621951219512196,0.7657942175865173,0.4577702702702703,0.5091463414634146,0.47320958971977234,0.3766891891891892,0.49085365853658536,0.4701359272003174,0.28209459459459457,0.43902439024390244,0.43568775057792664,0.32094594594594594,0.27439024390243905,0.167705699801445,0.5371621621621622,0.4817073170731707,0.14007028937339783,0.625,0.40853658536585363,0.5354844927787781,0.5388513513513513,0.23780487804878048,0.11206214129924774,0.0,0.0,0.0,0,0,0,0,0,0,0.0,0.0,0.0,0,0,0,0,0,0,0.42905405405405406,0.31097560975609756,0.8356590867042542,0.4577702702702703,0.31097560975609756,0.7744112014770508,0.0,0.0,0.0,0.49155405405405406,0.3475609756097561,0.7769624590873718,0,0,0
0.4375,0.32621951219512196,0.7589699029922485,0.4577702702702703,0.5091463414634146,0.46540412306785583,0.3766891891891892,0.49085365853658536,0.4614419937133789,0.28209459459459457,0.43902439024390244,0.43807464838027954,0.31925675675675674,0.2774390243902439,0.19272100925445557,0.5388513513513513,0.47560975609756095,0.1821759045124054,0.625,0.40853658536585363,0.5148563385009766,0.5388513513513513,0.23780487804878048,0.10225643217563629,0.0,0.0,0.0,0,0,0,0,0,0,0.0,0.0,0.0,0,0,0,0,0,0,0.42905405405405406,0.31097560975609756,0.8290755152702332,0.4577702702702703,0.31097560975609756,0.7752946019172668,0.0,0.0,0.0,0.49155405405405406,0.3475609756097561,0.7786261439323425,0,0,0
0.4375,0.32621951219512196,0.7286026477813721,0.46283783783783783,0.5091463414634146,0.27022796869277954,0.3766891891891892,0.4969512195121951,0.20611050724983215,0.28209459459459457,0.4451219512195122,0.3210192620754242,0.0,0.0,0.0,0.5489864864864865,0.4725609756097561,0.18132150173187256,0.6266891891891891,0.40853658536585363,0.5169339179992676,0.5540540540540541,0.2774390243902439,0.10863207280635834,0.0,0.0,0.0,0,0,0,0,0,0,0.5135135135135135,0.8292682926829268,0.08034425228834152,0,0,0,0,0,0,0.42905405405405406,0.31097560975609756,0.8477683067321777,0.4577702702702703,0.31097560975609756,0.7730921506881714,0.0,0.0,0.0,0.49155405405405406,0.3475609756097561,0.7848267555236816,0,0,0
0.4375,0.32621951219512196,0.7312855124473572,0.46283783783783783,0.5091463414634146,0.31596657633781433,0.38175675675675674,0.4969512195121951,0.2965911626815796,0.28209459459459457,0.4451219512195122,0.27944546937942505,0.0,0.0,0.0,0.5489864864864865,0.4725609756097561,0.19617922604084015,0.6266891891891891,0.40853658536585363,0.5448814630508423,0.5304054054054054,0.25609756097560976,0.12328841537237167,0.0,0.0,0.0,0,0,0,0,0,0,0.5152027027027027,0.8262195121951219,0.08381133526563644,0,0,0,0,0,0,0.42905405405405406,0.31097560975609756,0.847565770149231,0.4577702702702703,0.31097560975609756,0.770161509513855,0.0,0.0,0.0,0.49155405405405406,0.3475609756097561,0.783665657043457,0,0,0
0.4391891891891892,0.32621951219512196,0.7150078415870667,0.46114864864864863,0.5121951219512195,0.3161070942878723,0.38344594594594594,0.4969512195121951,0.4049387276172638,0.27871621621621623,0.4573170731707317,0.5461451411247253,0.0,0.0,0.0,0.535472972972973,0.4847560975609756,0.1256789267063141,0.6300675675675675,0.4176829268292683,0.4756089746952057,0.5523648648648649,0.3018292682926829,0.47078120708465576,0.0,0.0,0.0,0,0,0,0,0,0,0.0,0.0,0.0,0,0,0,0,0,0,0.42905405405405406,0.31097560975609756,0.8411719799041748,0.4594594594594595,0.31097560975609756,0.8052531480789185,0.4189189189189189,0.3384146341463415,0.0991184264421463,0.49155405405405406,0.3475609756097561,0.7721723318099976,0,0,0
0.4391891891891892,0.32621951219512196,0.7089338898658752,0.4594594594594595,0.5121951219512195,0.36701834201812744,0.38175675675675674,0.49390243902439024,0.46136656403541565,0.27871621621621623,0.4573170731707317,0.5643349289894104,0.0,0.0,0.0,0.5388513513513513,0.4847560975609756,0.15940092504024506,0.6283783783783784,0.42073170731707316,0.4233269691467285,0.5523648648648649,0.29878048780487804,0.5464816689491272,0.0,0.0,0.0,0,0,0,0,0,0,0.0,0.0,0.0,0,0,0,0,0,0,0.42905405405405406,0.31097560975609756,0.8417449593544006,0.4594594594594595,0.31097560975609756,0.8041525483131409,0.4172297297297297,0.34146341463414637,0.10974768549203873,0.49155405405405406,0.3475609756097561,0.7764481902122498,0,0,0
0.4375,0.32926829268292684,0.70655357837677,0.46452702702702703,0.5030487804878049,0.4278676211833954,0.3783783783783784,0.4969512195121951,0.4068678617477417,0.28209459459459457,0.4695121951219512,0.5785201191902161,0.3260135135135135,0.3475609756097561,0.44767555594444275,0.5371621621621622,0.47865853658536583,0.25441500544548035,0.6266891891891891,0.4268292682926829,0.40762796998023987,0.5506756756756757,0.3170731707317073,0.32971256971359253,0.0,0.0,0.0,0,0,0,0,0,0,0.0,0.0,0.0,0,0,0,0,0,0,0.42905405405405406,0.31097560975609756,0.8442676067352295,0.4577702702702703,0.31097560975609756,0.7828660607337952,0.0,0.0,0.0,0.49155405405405406,0.3475609756097561,0.7707512974739075,0,0,0
0.4375,0.32926829268292684,0.7111072540283203,0.46621621621621623,0.5,0.3872091472148895,0.38006756756756754,0.4969512195121951,0.38761991262435913,0.28209459459459457,0.4695121951219512,0.6163601875305176,0.32432432432432434,0.35060975609756095,0.5071893930435181,0.5371621621621622,0.47560975609756095,0.27022993564605713,0.625,0.4298780487804878,0.4110158383846283,0.5489864864864865,0.3170731707317073,0.32244887948036194,0.0,0.0,0.0,0,0,0,0,0,0,0.0,0.0,0.0,0,0,0,0,0,0,0.42905405405405406,0.31097560975609756,0.8427354693412781,0.4577702702702703,0.31097560975609756,0.7759778499603271,0.0,0.0,0.0,0.49155405405405406,0.3475609756097561,0.7663328647613525,0,0,0
0.4375,0.32926829268292684,0.7375373840332031,0.4577702702702703,0.5091463414634146,0.47048860788345337,0.375,0.5060975609756098,0.4561226963996887,0.28209459459459457,0.4878048780487805,0.6002593040466309,0.3260135135135135,0.3628048780487805,0.45789140462875366,0.5405405405405406,0.47560975609756095,0.2473479062318802,0.6317567567567568,0.43597560975609756,0.3794083595275879,0.5236486486486487,0.3201219512195122,0.17607951164245605,0.0,0.0,0.0,0,0,0,0,0,0,0.0,0.0,0.0,0,0,0,0,0,0,0.42905405405405406,0.3079268292682927,0.8436657190322876,0.4577702702702703,0.31097560975609756,0.8216555714607239,0.0,0.0,0.0,0.49155405405405406,0.35060975609756095,0.7201467752456665,0,0,0
0.4375,0.32926829268292684,0.7393462061882019,0.4577702702702703,0.5060975609756098,0.47559547424316406,0.3733108108108108,0.5060975609756098,0.4591280519962311,0.28209459459459457,0.4847560975609756,0.5914114117622375,0.3260135135135135,0.3597560975609756,0.5204609632492065,0.5405405405405406,0.47560975609756095,0.26526525616645813,0.6317567567567568,0.43597560975609756,0.39146313071250916,0.5202702702702703,0.3170731707317073,0.1276017278432846,0.0,0.0,0.0,0,0,0,0,0,0,0.0,0.0,0.0,0,0,0,0,0,0,0.42905405405405406,0.3079268292682927,0.8418483138084412,0.4577702702702703,0.31097560975609756,0.814979612827301,0.0,0.0,0.0,0.49155405405405406,0.35060975609756095,0.7267694473266602,0,0,0
0.4375,0.32926829268292684,0.7828947901725769,0.4577702702702703,0.5091463414634146,0.41050612926483154,0.3783783783783784,0.4969512195121951,0.44647854566574097,0.28040540540540543,0.5,0.5878646969795227,0.3260135135135135,0.38414634146341464,0.5727176070213318,0.5472972972972973,0.4695121951219512,0.28771495819091797,0.6334459459459459,0.45121951219512196,0.32233160734176636,0.49324324324324326,0.3170731707317073,0.0946715846657753,0.0,0.0,0.0,0,0,0,0,0,0,0.0,0.0,0.0,0,0,0,0,0,0,0.42736486486486486,0.31097560975609756,0.8432862162590027,0.4560810810810811,0.31402439024390244,0.8156037330627441,0.0,0.0,0.0,0.48817567567567566,0.3445121951219512,0.7069212198257446,0,0,0
0.4375,0.32926829268292684,0.7794012427330017,0.4577702702702703,0.5091463414634146,0.433899462223053,0.3783783783783784,0.49390243902439024,0.45334380865097046,0.28040540540540543,0.5,0.6012240648269653,0.3293918918918919,0.38109756097560976,0.5602114200592041,0.5472972972972973,0.4695121951219512,0.2934347689151764,0.6351351351351351,0.45121951219512196,0.2994060516357422,0.5219594594594594,0.3445121951219512,0.10050581395626068,0.0,0.0,0.0,0,0,0,0,0,0,0.0,0.0,0.0,0,0,0,0,0,0,0.42736486486486486,0.31097560975609756,0.8418513536453247,0.4560810810810811,0.31097560975609756,0.8215969204902649,0.0,0.0,0.0,0.48986486486486486,0.3445121951219512,0.7085044384002686,0,0,0
0.4358108108108108,0.32621951219512196,0.7700693607330322,0.4560810810810811,0.49085365853658536,0.48406413197517395,0.38006756756756754,0.49085365853658536,0.39065298438072205,0.27871621621621623,0.5121951219512195,0.560968816280365,0.32432432432432434,0.40853658536585363,0.17662586271762848,0.5405405405405406,0.47560975609756095,0.33307304978370667,0.6351351351351351,0.4603658536585366,0.419893354177475,0.49324324324324326,0.34146341463414637,0.12961582839488983,0.0,0.0,0.0,0,0,0,0,0,0,0.0,0.0,0.0,0,0,0,0,0,0,0.42736486486486486,0.31097560975609756,0.831981897354126,0.4577702702702703,0.3079268292682927,0.7944997549057007,0.0,0.0,0.0,0.48986486486486486,0.35060975609756095,0.545352578163147,0,0,0
0.4358108108108108,0.32621951219512196,0.7647022008895874,0.4560810810810811,0.49085365853658536,0.48628556728363037,0.38006756756756754,0.49085365853658536,0.3802366256713867,0.28040540540540543,0.5121951219512195,0.535629391670227,0.32263513513513514,0.40853658536585363,0.20873557031154633,0.5405405405405406,0.4725609756097561,0.35901153087615967,0.6351351351351351,0.4603658536585366,0.4082673192024231,0.49324324324324326,0.34146341463414637,0.16060052812099457,0.0,0.0,0.0,0,0,0,0,0,0,0.0,0.0,0.0,0,0,0,0,0,0,0.42736486486486486,0.31097560975609756,0.8299018144607544,0.4577702702702703,0.3079268292682927,0.8003318905830383,0.0,0.0,0.0,0.48817567567567566,0.35060975609756095,0.5679352283477783,0,0,0
0.4375,0.32926829268292684,0.7573866248130798,0.4510135135135135,0.49390243902439024,0.4256545603275299,0.38006756756756754,0.4817073170731707,0.35087910294532776,0.28209459459459457,0.5304878048780488,0.5580368638038635,0.3564189189189189,0.3932926829268293,0.4812636077404022,0.5405405405405406,0.47560975609756095,0.3030800521373749,0.6385135135135135,0.4725609756097561,0.288396954536438,0.49155405405405406,0.38109756097560976,0.18922589719295502,0.0,0.0,0.0,0,0,0,0,0,0,0.0,0.0,0.0,0,0,0,0,0,0,0.42736486486486486,0.31097560975609756,0.8405055999755859,0.4577702702702703,0.31402439024390244,0.7969701290130615,0.4172297297297297,0.3323170731707317,0.1996891051530838,0.49324324324324326,0.3445121951219512,0.72060626745224,0,0,0
0.4375,0.32926829268292684,0.755437970161438,0.4527027027027027,0.4969512195121951,0.36506187915802,0.38006756756756754,0.4878048780487805,0.368264377117157,0.28378378378378377,0.5304878048780488,0.5599105358123779,0.3564189189189189,0.3932926829268293,0.4810078740119934,0.5422297297297297,0.47560975609756095,0.27641844749450684,0.6351351351351351,0.47560975609756095,0.23918567597866058,0.48986486486486486,0.38109756097560976,0.28133001923561096,0.0,0.0,0.0,0,0,0,0,0,0,0.0,0.0,0.0,0,0,0,0,0,0,0.42736486486486486,0.31097560975609756,0.837860107421875,0.4577702702702703,0.31402439024390244,0.8008530139923096,0.4172297297297297,0.32926829268292684,0.13160428404808044,0.49324324324324326,0.3445121951219512,0.7290951609611511,0,0,0
0.4358108108108108,0.3323170731707317,0.8194828033447266,0.4577702702702703,0.5,0.2811305820941925,0.38006756756756754,0.5060975609756098,0.4015358090400696,0.28378378378378377,0.551829268292683,0.35037633776664734,0.31756756756756754,0.45426829268292684,0.5347385406494141,0.5405405405405406,0.47560975609756095,0.3061988353729248,0.6469594594594594,0.47865853658536583,0.14610452950000763,0.5219594594594594,0.4024390243902439,0.13318470120429993,0.0,0.0,0.0,0,0,0,0,0,0,0.0,0.0,0.0,0,0,0,0,0,0,0.42736486486486486,0.31097560975609756,0.820669949054718,0.4560810810810811,0.31402439024390244,0.828123927116394,0.0,0.0,0.0,0.49155405405405406,0.3475609756097561,0.7688360214233398,0,0,0
0.4358108108108108,0.32926829268292684,0.8195517659187317,0.4594594594594595,0.5,0.2714250087738037,0.3783783783783784,0.5060975609756098,0.40270668268203735,0.28209459459459457,0.551829268292683,0.41267427802085876,0.31925675675675674,0.45426829268292684,0.5926024317741394,0.5405405405405406,0.4725609756097561,0.3173341453075409,0.643581081081081,0.47865853658536583,0.20983538031578064,0.5253378378378378,0.4024390243902439,0.16473092138767242,0.0,0.0,0.0,0,0,0,0,0,0,0.0,0.0,0.0,0,0,0,0,0,0,0.42736486486486486,0.31097560975609756,0.8219091892242432,0.4560810810810811,0.31402439024390244,0.829689085483551,0.0,0.0,0.0,0.49155405405405406,0.3475609756097561,0.7699564695358276,0,0,0
0.4358108108108108,0.32926829268292684,0.8166730403900146,0.4560810810810811,0.4817073170731707,0.4322766959667206,0.38344594594594594,0.5060975609756098,0.3077385723590851,0.27702702702702703,0.5640243902439024,0.14940357208251953,0.31925675675675674,0.47560975609756095,0.21554681658744812,0.5219594594594594,0.4695121951219512,0.2944440543651581,0.0,0.0,0.0,0.0,0.0,0.0,0.0,0.0,0.0,0,0,0,0,0,0,0.0,0.0,0.0,0,0,0,0,0,0,0.42736486486486486,0.31097560975609756,0.8271530866622925,0.4560810810810811,0.31402439024390244,0.8178400993347168,0.0,0.0,0.0,0.48986486486486486,0.3475609756097561,0.8040273189544678,0,0,0
0.4358108108108108,0.32926829268292684,0.8102107048034668,0.4543918918918919,0.4847560975609756,0.436899870634079,0.38006756756756754,0.5030487804878049,0.3491305112838745,0.27871621621621623,0.5640243902439024,0.3853813707828522,0.32094594594594594,0.47560975609756095,0.4653312563896179,0.5236486486486487,0.4695121951219512,0.29521262645721436,0.0,0.0,0.0,0.0,0.0,0.0,0.0,0.0,0.0,0,0,0,0,0,0,0.0,0.0,0.0,0,0,0,0,0,0,0.42736486486486486,0.31097560975609756,0.8287063837051392,0.4560810810810811,0.31402439024390244,0.8196858167648315,0.0,0.0,0.0,0.48986486486486486,0.3475609756097561,0.8043206930160522,0,0,0
0.4358108108108108,0.32926829268292684,0.8198047876358032,0.44425675675675674,0.5060975609756098,0.3217123746871948,0.3969594594594595,0.4817073170731707,0.06083361431956291,0.0,0.0,0.0,0.0,0.0,0.0,0.4814189189189189,0.5487804878048781,0.22978758811950684,0.0,0.0,0.0,0.0,0.0,0.0,0.0,0.0,0.0,0,0,0,0,0,0,0.0,0.0,0.0,0,0,0,0,0,0,0.42736486486486486,0.31097560975609756,0.8351580500602722,0.4560810810810811,0.31097560975609756,0.8255333304405212,0.0,0.0,0.0,0.48986486486486486,0.3475609756097561,0.7859320640563965,0,0,0
0.4358108108108108,0.32926829268292684,0.819911539554596,0.44425675675675674,0.5060975609756098,0.3221447169780731,0.38006756756756754,0.5121951219512195,0.13049030303955078,0.27871621621621623,0.5762195121951219,0.26248374581336975,0.31925675675675674,0.4969512195121951,0.44331759214401245,0.4814189189189189,0.5426829268292683,0.23126119375228882,0.0,0.0,0.0,0.0,0.0,0.0,0.0,0.0,0.0,0,0,0,0,0,0,0.0,0.0,0.0,0,0,0,0,0,0,0.42736486486486486,0.31097560975609756,0.8349664211273193,0.4560810810810811,0.31097560975609756,0.8212540745735168,0.0,0.0,0.0,0.48986486486486486,0.3475609756097561,0.7828909158706665,0,0,0
0.4358108108108108,0.32926829268292684,0.8189160227775574,0.4543918918918919,0.5,0.43730324506759644,0.3902027027027027,0.5182926829268293,0.23614245653152466,0.3260135135135135,0.5853658536585366,0.3202551603317261,0.34966216216216217,0.5213414634146342,0.4462904632091522,0.5320945945945946,0.4817073170731707,0.40089520812034607,0.0,0.0,0.0,0.0,0.0,0.0,0.0,0.0,0.0,0,0,0,0,0,0,0.0,0.0,0.0,0,0,0,0,0,0,0.42736486486486486,0.31097560975609756,0.8325563669204712,0.4560810810810811,0.31097560975609756,0.8223991990089417,0.4189189189189189,0.32926829268292684,0.09951408952474594,0.48986486486486486,0.3475609756097561,0.8088229298591614,0,0,0
0.4358108108108108,0.32926829268292684,0.8247687816619873,0.4543918918918919,0.4969512195121951,0.4314979016780853,0.3935810810810811,0.5,0.25512558221817017,0.3277027027027027,0.5853658536585366,0.20592086017131805,0.34966216216216217,0.5213414634146342,0.34134912490844727,0.5320945945945946,0.47865853658536583,0.40028756856918335,0.0,0.0,0.0,0.0,0.0,0.0,0.0,0.0,0.0,0,0,0,0,0,0,0.0,0.0,0.0,0,0,0,0,0,0,0.42736486486486486,0.31097560975609756,0.8313584923744202,0.4560810810810811,0.31402439024390244,0.8266621232032776,0.0,0.0,0.0,0.48986486486486486,0.3475609756097561,0.8104782104492188,0,0,0
0.4358108108108108,0.32926829268292684,0.8344208002090454,0.46114864864864863,0.5,0.5243722200393677,0.38513513513513514,0.5,0.36963024735450745,0.32432432432432434,0.5853658536585366,0.08442819863557816,0.0,0.0,0.0,0.5371621621621622,0.4878048780487805,0.4037119746208191,0.6402027027027027,0.5548780487804879,0.19207552075386047,0.0,0.0,0.0,0.0,0.0,0.0,0,0,0,0,0,0,0.0,0.0,0.0,0,0,0,0,0,0,0.42736486486486486,0.31097560975609756,0.8282557129859924,0.4560810810810811,0.31402439024390244,0.8436741232872009,0.0,0.0,0.0,0.48986486486486486,0.3475609756097561,0.8233427405357361,0,0,0
0.4358108108108108,0.32926829268292684,0.8309717178344727,0.46283783783783783,0.5,0.5201795101165771,0.38513513513513514,0.5030487804878049,0.40966111421585083,0.32263513513513514,0.5853658536585366,0.10704635083675385,0.0,0.0,0.0,0.535472972972973,0.4878048780487805,0.41608864068984985,0.6385135135135135,0.5579268292682927,0.1492633819580078,0.0,0.0,0.0,0.0,0.0,0.0,0,0,0,0,0,0,0.0,0.0,0.0,0,0,0,0,0,0,0.42736486486486486,0.31097560975609756,0.8273911476135254,0.4560810810810811,0.31097560975609756,0.8434976935386658,0.0,0.0,0.0,0.48986486486486486,0.3475609756097561,0.821715772151947,0,0,0
0.4358108108108108,0.3323170731707317,0.8381116986274719,0.4560810810810811,0.5030487804878049,0.6247353553771973,0.3902027027027027,0.5,0.46826982498168945,0.32094594594594594,0.5701219512195121,0.16603489220142365,0.3091216216216216,0.5792682926829268,0.10773372650146484,0.5320945945945946,0.49390243902439024,0.4023742377758026,0.0,0.0,0.0,0.0,0.0,0.0,0.0,0.0,0.0,0,0,0,0,0,0,0.0,0.0,0.0,0,0,0,0,0,0,0.42736486486486486,0.31097560975609756,0.8229714632034302,0.4560810810810811,0.31402439024390244,0.8311366438865662,0.0,0.0,0.0,0.48986486486486486,0.3475609756097561,0.8198055028915405,0,0,0
0.4358108108108108,0.3323170731707317,0.84306401014328,0.4560810810810811,0.5,0.5955089330673218,0.3902027027027027,0.5,0.4577644169330597,0.32263513513513514,0.5701219512195121,0.1772979199886322,0.3141891891891892,0.5823170731707317,0.15397964417934418,0.5337837837837838,0.49390243902439024,0.4321223795413971,0.0,0.0,0.0,0.0,0.0,0.0,0.0,0.0,0.0,0,0,0,0,0,0,0.0,0.0,0.0,0,0,0,0,0,0,0.42736486486486486,0.31097560975609756,0.821456253528595,0.4560810810810811,0.31402439024390244,0.8321906328201294,0.0,0.0,0.0,0.48986486486486486,0.3475609756097561,0.8150340914726257,0,0,0
0.4358108108108108,0.3323170731707317,0.8464862108230591,0.4577702702702703,0.5030487804878049,0.6165993809700012,0.38175675675675674,0.5121951219512195,0.46507734060287476,0.32432432432432434,0.5853658536585366,0.20176687836647034,0.30743243243243246,0.6128048780487805,0.08628058433532715,0.535472972972973,0.4969512195121951,0.47174808382987976,0.6199324324324325,0.5975609756097561,0.29920288920402527,0.5219594594594594,0.600609756097561,0.16070657968521118,0.0,0.0,0.0,0,0,0,0,0,0,0.0,0.0,0.0,0,0,0,0,0,0,0.42736486486486486,0.31097560975609756,0.8191608786582947,0.4560810810810811,0.31402439024390244,0.8263098001480103,0.0,0.0,0.0,0.48986486486486486,0.3475609756097561,0.8092291355133057,0,0,0
0.4358108108108108,0.3323170731707317,0.8516819477081299,0.4577702702702703,0.5030487804878049,0.6057428121566772,0.38344594594594594,0.5091463414634146,0.43585172295570374,0.32432432432432434,0.5884146341463414,0.20102718472480774,0.30743243243243246,0.6097560975609756,0.08636179566383362,0.5371621621621622,0.4969512195121951,0.46336010098457336,0.6199324324324325,0.600609756097561,0.13328054547309875,0.5236486486486487,0.600609756097561,0.14516934752464294,0.0,0.0,0.0,0,0,0,0,0,0,0.0,0.0,0.0,0,0,0,0,0,0,0.42736486486486486,0.31097560975609756,0.8158761262893677,0.4560810810810811,0.31402439024390244,0.8241904377937317,0.0,0.0,0.0,0.48986486486486486,0.3475609756097561,0.8041422963142395,0,0,0
0.4358108108108108,0.3323170731707317,0.848247766494751,0.4594594594594595,0.5091463414634146,0.5641420483589172,0.38344594594594594,0.5121951219512195,0.4819137156009674,0.28209459459459457,0.6341463414634146,0.48500823974609375,0.36486486486486486,0.6524390243902439,0.4267836809158325,0.535472972972973,0.5,0.4794832468032837,0.6165540540540541,0.6097560975609756,0.33270108699798584,0.5152027027027027,0.625,0.5495662689208984,0.0,0.0,0.0,0,0,0,0,0,0,0.0,0.0,0.0,0,0,0,0,0,0,0.42736486486486486,0.31097560975609756,0.8231818675994873,0.4560810810810811,0.31402439024390244,0.8094946146011353,0.0,0.0,0.0,0.48986486486486486,0.3475609756097561,0.8031776547431946,0,0,0
0.4358108108108108,0.3323170731707317,0.8529534935951233,0.4594594594594595,0.5091463414634146,0.5594241619110107,0.38175675675675674,0.5121951219512195,0.4823130667209625,0.28378378378378377,0.6341463414634146,0.48255354166030884,0.36655405405405406,0.6524390243902439,0.38647231459617615,0.535472972972973,0.5,0.48239460587501526,0.6182432432432432,0.6097560975609756,0.29979515075683594,0.5135135135135135,0.625,0.5377843379974365,0.0,0.0,0.0,0,0,0,0,0,0,0.0,0.0,0.0,0,0,0,0,0,0,0.42736486486486486,0.31097560975609756,0.8234022259712219,0.4560810810810811,0.31402439024390244,0.8126266598701477,0.0,0.0,0.0,0.48986486486486486,0.3475609756097561,0.8080734610557556,0,0,0
0.4358108108108108,0.3323170731707317,0.8568021059036255,0.4594594594594595,0.5121951219512195,0.5056703090667725,0.38175675675675674,0.5091463414634146,0.4642975926399231,0.28547297297297297,0.6463414634146342,0.47696176171302795,0.36486486486486486,0.6859756097560976,0.4575071632862091,0.535472972972973,0.5030487804878049,0.4849364459514618,0.6182432432432432,0.6158536585365854,0.4309549033641815,0.5152027027027027,0.6463414634146342,0.4247218072414398,0.0,0.0,0.0,0,0,0,0,0,0,0.0,0.0,0.0,0,0,0,0,0,0,0.42736486486486486,0.31097560975609756,0.8138170838356018,0.4560810810810811,0.31402439024390244,0.8169366717338562,0.0,0.0,0.0,0.48986486486486486,0.35060975609756095,0.7926416397094727,0,0,0
0.4358108108108108,0.3323170731707317,0.858212411403656,0.4577702702702703,0.5091463414634146,0.5183731913566589,0.38175675675675674,0.5091463414634146,0.45290976762771606,0.28547297297297297,0.6432926829268293,0.43644028902053833,0.36317567567567566,0.6829268292682927,0.36539241671562195,0.535472972972973,0.5030487804878049,0.4950256943702698,0.6148648648648649,0.6128048780487805,0.4414372444152832,0.5135135135135135,0.649390243902439,0.35523101687431335,0.0,0.0,0.0,0,0,0,0,0,0,0.0,0.0,0.0,0,0,0,0,0,0,0.42736486486486486,0.31097560975609756,0.8164067268371582,0.4560810810810811,0.31402439024390244,0.8190312385559082,0.0,0.0,0.0,0.48986486486486486,0.35060975609756095,0.7871387004852295,0,0,0
0.4358108108108108,0.3323170731707317,0.8675211668014526,0.4594594594594595,0.5091463414634146,0.5444761514663696,0.38006756756756754,0.5152439024390244,0.5135260224342346,0.2922297297297297,0.6310975609756098,0.2664324939250946,0.34966216216216217,0.7103658536585366,0.2424093633890152,0.535472972972973,0.5030487804878049,0.5129872560501099,0.6148648648648649,0.6158536585365854,0.4723047912120819,0.5202702702702703,0.6646341463414634,0.36564722657203674,0.0,0.0,0.0,0,0,0,0,0,0,0.0,0.0,0.0,0,0,0,0,0,0,0.42736486486486486,0.31402439024390244,0.810232937335968,0.4560810810810811,0.31402439024390244,0.7961201071739197,0.0,0.0,0.0,0.48986486486486486,0.35060975609756095,0.788263738155365,0,0,0
0.4358108108108108,0.3323170731707317,0.8648887276649475,0.4577702702702703,0.5091463414634146,0.538630485534668,0.38006756756756754,0.5152439024390244,0.5153334736824036,0.2922297297297297,0.6310975609756098,0.24525518715381622,0.30236486486486486,0.6920731707317073,0.14906877279281616,0.5337837837837838,0.5030487804878049,0.5041826963424683,0.6165540540540541,0.6158536585365854,0.47216787934303284,0.5202702702702703,0.6646341463414634,0.41270536184310913,0.0,0.0,0.0,0,0,0,0,0,0,0.0,0.0,0.0,0,0,0,0,0,0,0.42736486486486486,0.31402439024390244,0.8074846267700195,0.4560810810810811,0.31402439024390244,0.7943335771560669,0.0,0.0,0.0,0.48986486486486486,0.35060975609756095,0.7831732034683228,0,0,0
0.4358108108108108,0.3323170731707317,0.8656824827194214,0.4577702702702703,0.5091463414634146,0.5965006351470947,0.38175675675675674,0.5152439024390244,0.49103641510009766,0.2905405405405405,0.6280487804878049,0.4139162302017212,0.3091216216216216,0.7103658536585366,0.47430405020713806,0.5337837837837838,0.5060975609756098,0.5004075169563293,0.6148648648648649,0.6189024390243902,0.4227316677570343,0.518581081081081,0.6798780487804879,0.43667858839035034,0.0,0.0,0.0,0,0,0,0,0,0,0.0,0.0,0.0,0,0,0,0,0,0,0.42736486486486486,0.31402439024390244,0.7903347015380859,0.4560810810810811,0.31402439024390244,0.8061589002609253,0.0,0.0,0.0,0.48986486486486486,0.3475609756097561,0.81651771068573,0,0,0
0.4358108108108108,0.3323170731707317,0.8655943870544434,0.4577702702702703,0.5091463414634146,0.5924727320671082,0.38175675675675674,0.5152439024390244,0.5006567239761353,0.2922297297297297,0.6280487804878049,0.3890010118484497,0.3091216216216216,0.7103658536585366,0.5344142317771912,0.5337837837837838,0.5060975609756098,0.5023895502090454,0.6148648648648649,0.6189024390243902,0.42631804943084717,0.518581081081081,0.6798780487804879,0.4590478539466858,0.0,0.0,0.0,0,0,0,0,0,0,0.0,0.0,0.0,0,0,0,0,0,0,0.42736486486486486,0.31402439024390244,0.7887100577354431,0.4560810810810811,0.31402439024390244,0.8036129474639893,0.0,0.0,0.0,0.48986486486486486,0.3475609756097561,0.813849925994873,0,0,0
0.4358108108108108,0.3323170731707317,0.8595455884933472,0.4560810810810811,0.5121951219512195,0.5536583662033081,0.38175675675675674,0.5182926829268293,0.4979061484336853,0.28885135135135137,0.6310975609756098,0.49521854519844055,0.30574324324324326,0.7225609756097561,0.4332207441329956,0.5320945945945946,0.5060975609756098,0.500144898891449,0.6114864864864865,0.6219512195121951,0.5271421074867249,0.5202702702702703,0.6890243902439024,0.18616314232349396,0.0,0.0,0.0,0,0,0,0,0,0,0.0,0.0,0.0,0,0,0,0,0,0,0.42567567567567566,0.31402439024390244,0.7975667119026184,0.4560810810810811,0.31402439024390244,0.811996340751648,0.4172297297297297,0.3323170731707317,0.11125238239765167,0.48986486486486486,0.3475609756097561,0.827799916267395,0,0,0
0.4358108108108108,0.3323170731707317,0.860155463218689,0.4560810810810811,0.5091463414634146,0.6038601398468018,0.38175675675675674,0.5152439024390244,0.5104914307594299,0.28716216216216217,0.6310975609756098,0.47987693548202515,0.30743243243243246,0.7225609756097561,0.4920816123485565,0.5320945945945946,0.5030487804878049,0.5079964399337769,0.6114864864864865,0.6219512195121951,0.4989098608493805,0.5219594594594594,0.6890243902439024,0.202469602227211,0.0,0.0,0.0,0,0,0,0,0,0,0.0,0.0,0.0,0,0,0,0,0,0,0.42567567567567566,0.31402439024390244,0.7972607612609863,0.4560810810810811,0.31402439024390244,0.8088772892951965,0.0,0.0,0.0,0.48986486486486486,0.3475609756097561,0.8246728777885437,0,0,0
0.4358108108108108,0.3323170731707317,0.8606738448143005,0.4543918918918919,0.5121951219512195,0.5859895944595337,0.38175675675675674,0.5182926829268293,0.5556271076202393,0.2972972972972973,0.6432926829268293,0.4949353337287903,0.30405405405405406,0.7286585365853658,0.5823134779930115,0.5337837837837838,0.5030487804878049,0.5371310114860535,0.6114864864864865,0.6310975609756098,0.5650376677513123,0.5202702702702703,0.698170731707317,0.15433715283870697,0.3918918918918919,0.8871951219512195,0.09857693314552307,0,0,0,0,0,0,0.5050675675675675,0.8353658536585366,0.06176919490098953,0,0,0,0,0,0,0.42567567567567566,0.31402439024390244,0.7679254412651062,0.4560810810810811,0.31402439024390244,0.8202207684516907,0.4155405405405405,0.3384146341463415,0.2685563266277313,0.48986486486486486,0.35060975609756095,0.798270583152771,0,0,0
0.4358108108108108,0.3323170731707317,0.8625777959823608,0.4543918918918919,0.5121951219512195,0.5878057479858398,0.38175675675675674,0.5182926829268293,0.5492307543754578,0.2972972972972973,0.6432926829268293,0.47812211513519287,0.30405405405405406,0.7286585365853658,0.5786108374595642,0.5337837837837838,0.5030487804878049,0.5372214317321777,0.6131756756756757,0.6310975609756098,0.5428767800331116,0.5202702702702703,0.698170731707317,0.15132007002830505,0.3902027027027027,0.8841463414634146,0.10883812606334686,0,0,0,0,0,0,0.5033783783783784,0.8414634146341463,0.06897331774234772,0,0,0,0,0,0,0.42567567567567566,0.31402439024390244,0.7751784920692444,0.4560810810810811,0.31402439024390244,0.8154414296150208,0.4155405405405405,0.3384146341463415,0.20167988538742065,0.48986486486486486,0.3475609756097561,0.8037750720977783,0,0,0
0.4358108108108108,0.3323170731707317,0.8681022524833679,0.4543918918918919,0.5121951219512195,0.6193197965621948,0.38006756756756754,0.5182926829268293,0.5423203706741333,0.2972972972972973,0.6463414634146342,0.5970893502235413,0.30574324324324326,0.7378048780487805,0.6125614047050476,0.5320945945945946,0.5030487804878049,0.4943518042564392,0.6131756756756757,0.6280487804878049,0.5350775718688965,0.5253378378378378,0.7073170731707317,0.3129918575286865,0.0,0.0,0.0,0,0,0,0,0,0,0.0,0.0,0.0,0,0,0,0,0,0,0.42567567567567566,0.31402439024390244,0.7666292786598206,0.4543918918918919,0.31402439024390244,0.8279411196708679,0.4155405405405405,0.3353658536585366,0.11809288710355759,0.48817567567567566,0.3475609756097561,0.8219296932220459,0,0,0
