0.40371621621621623,0.7073170731707317,0.6665446162223816,0.4560810810810811,0.7774390243902439,0.0941920056939125,0.3733108108108108,0.7286585365853658,0.1952216923236847,0.0,0.0,0.0,0.0,0.0,0.0,0.5388513513513513,0.8597560975609756,0.14946141839027405,0.0,0.0,0.0,0.0,0.0,0.0,0.0,0.0,0.0,0,0,0,0,0,0,0.0,0.0,0.0,0,0,0,0,0,0,0.3952702702702703,0.6524390243902439,0.8115060329437256,0.42736486486486486,0.6676829268292683,0.7526658177375793,0.0,0.0,0.0,0.4847972972972973,0.6707317073170732,0.6167091727256775,0,0,0
0.40202702702702703,0.676829268292683,0.6304247379302979,0.0,0.0,0.0,0.375,0.7103658536585366,0.3110383450984955,0.38344594594594594,0.8628048780487805,0.1391567438840866,0.0,0.0,0.0,0.0,0.0,0.0,0.0,0.0,0.0,0.0,0.0,0.0,0.0,0.0,0.0,0,0,0,0,0,0,0.0,0.0,0.0,0,0,0,0,0,0,0.39864864864864863,0.625,0.38029733300209045,0.42736486486486486,0.6402439024390244,0.5454708337783813,0.3918918918918919,0.5945121951219512,0.1826370656490326,0.4814189189189189,0.6463414634146342,0.5691810250282288,0,0,0
0.0,0.0,0.0,0.4594594594594595,0.698170731707317,0.09982607513666153,0.375,0.6310975609756098,0.12233567237854004,0.3733108108108108,0.8170731707317073,0.17846742272377014,0.3902027027027027,0.9390243902439024,0.15734653174877167,0.5320945945945946,0.6951219512195121,0.22092507779598236,0.5675675675675675,0.7957317073170732,0.09070345014333725,0.0,0.0,0.0,0.0,0.0,0.0,0,0,0,0,0,0,0.0,0.0,0.0,0,0,0,0,0,0,0.0,0.0,0.0,0.0,0.0,0.0,0.0,0.0,0.0,0.47297297297297297,0.4847560975609756,0.2800738513469696,0,0,0
0.0,0.0,0.0,0.44425675675675674,0.5945121951219512,0.23846256732940674,0.36993243243243246,0.5914634146341463,0.3601022958755493,0.36655405405405406,0.7865853658536586,0.26727095246315,0.375,0.9359756097560976,0.20673473179340363,0.5050675675675675,0.5762195121951219,0.17466263473033905,0.0,0.0,0.0,0.0,0.0,0.0,0.0,0.0,0.0,0,0,0,0,0,0,0.0,0.0,0.0,0,0,0,0,0,0,0.0,0.0,0.0,0.4341216216216216,0.39939024390243905,0.12078399211168289,0.3952702702702703,0.4298780487804878,0.26286306977272034,0.47297297297297297,0.4298780487804878,0.582256019115448,0,0,0
0.41385135135135137,0.3871951219512195,0.7299823760986328,0.44763513513513514,0.5609756097560976,0.27441850304603577,0.375,0.5701219512195121,0.18200507760047913,0.3564189189189189,0.774390243902439,0.14357884228229523,0.36486486486486486,0.9298780487804879,0.4110683798789978,0.5202702702702703,0.5792682926829268,0.23373734951019287,0.0,0.0,0.0,0.0,0.0,0.0,0.0,0.0,0.0,0,0,0,0,0,0,0.0,0.0,0.0,0,0,0,0,0,0,0.40709459459459457,0.3567073170731707,0.7293739914894104,0.43074324324324326,0.3567073170731707,0.7894570827484131,0.3952702702702703,0.38414634146341464,0.22402052581310272,0.47297297297297297,0.3902439024390244,0.6899842619895935,0,0,0
0.4155405405405405,0.35365853658536583,0.7435294389724731,0.4391891891891892,0.5365853658536586,0.3494716286659241,0.36824324324324326,0.5457317073170732,0.3894211947917938,0.34797297297297297,0.7560975609756098,0.46614810824394226,0.3530405405405405,0.926829268292683,0.5484293103218079,0.5219594594594594,0.5365853658536586,0.36699941754341125,0.5574324324324325,0.7804878048780488,0.0982203558087349,0.0,0.0,0.0,0.0,0.0,0.0,0,0,0,0,0,0,0.0,0.0,0.0,0,0,0,0,0,0,0.40540540540540543,0.32621951219512196,0.7647262811660767,0.43243243243243246,0.32621951219512196,0.7067043781280518,0.3935810810810811,0.3384146341463415,0.26806288957595825,0.47297297297297297,0.3628048780487805,0.767828643321991,0,0,0
0.4155405405405405,0.3384146341463415,0.7962089776992798,0.44256756756756754,0.524390243902439,0.5742572546005249,0.36655405405405406,0.524390243902439,0.44268783926963806,0.34459459459459457,0.7560975609756098,0.3801206946372986,0.34797297297297297,0.9390243902439024,0.4576806426048279,0.518581081081081,0.5213414634146342,0.40068483352661133,0.5557432432432432,0.7591463414634146,0.3653184175491333,0.0,0.0,0.0,0.0,0.0,0.0,0,0,0,0,0,0,0.0,0.0,0.0,0,0,0,0,0,0,0.40540540540540543,0.31097560975609756,0.7796562910079956,0.4358108108108108,0.31097560975609756,0.8290451169013977,0.3918918918918919,0.32621951219512196,0.23950865864753723,0.47128378378378377,0.3475609756097561,0.7507616877555847,0,0,0
0.41216216216216217,0.32621951219512196,0.6933388710021973,0.44425675675675674,0.5182926829268293,0.5135534405708313,0.36486486486486486,0.524390243902439,0.413591206073761,0.34121621621621623,0.7408536585365854,0.6020199060440063,0.34121621621621623,0.9451219512195121,0.4763263463973999,0.5202702702702703,0.5182926829268293,0.4826698303222656,0.5540540540540541,0.7560975609756098,0.4590435028076172,0.0,0.0,0.0,0.0,0.0,0.0,0,0,0,0,0,0,0.0,0.0,0.0,0,0,0,0,0,0,0.40371621621621623,0.3079268292682927,0.7992550134658813,0.43243243243243246,0.3079268292682927,0.8384484648704529,0.0,0.0,0.0,0.46790540540540543,0.3445121951219512,0.8209939002990723,0,0,0
0.41047297297297297,0.32621951219512196,0.7415714263916016,0.44256756756756754,0.5091463414634146,0.5305423140525818,0.36655405405405406,0.5121951219512195,0.45806699991226196,0.34121621621621623,0.7408536585365854,0.39475712180137634,0.3344594594594595,0.926829268292683,0.1912032961845398,0.518581081081081,0.5091463414634146,0.4746380150318146,0.5574324324324325,0.7378048780487805,0.6114310026168823,0.5726351351351351,0.9054878048780488,0.18886902928352356,0.0,0.0,0.0,0,0,0,0,0,0,0.0,0.0,0.0,0,0,0,0,0,0,0.40202702702702703,0.3079268292682927,0.8378315567970276,0.43243243243243246,0.3048780487804878,0.7702659368515015,0.0,0.0,0.0,0.46790540540540543,0.3384146341463415,0.7431833148002625,0,0,0
0.41216216216216217,0.32621951219512196,0.7247176170349121,0.4408783783783784,0.5091463414634146,0.5151539444923401,0.36317567567567566,0.5213414634146342,0.43299898505210876,0.33952702702702703,0.7439024390243902,0.44494926929473877,0.3310810810810811,0.9390243902439024,0.5130673050880432,0.5152027027027027,0.5060975609756098,0.49699661135673523,0.5574324324324325,0.7317073170731707,0.5743018388748169,0.0,0.0,0.0,0.3952702702702703,0.8902439024390244,0.07529382407665253,0,0,0,0,0,0,0.0,0.0,0.0,0,0,0,0,0,0,0.40202702702702703,0.3079268292682927,0.8655761480331421,0.43243243243243246,0.3079268292682927,0.7912130951881409,0.0,0.0,0.0,0.46790540540540543,0.34146341463414637,0.7732757925987244,0,0,0
0.41216216216216217,0.32926829268292684,0.7968409657478333,0.4408783783783784,0.5121951219512195,0.5612363219261169,0.36486486486486486,0.5274390243902439,0.4412574768066406,0.33952702702702703,0.7530487804878049,0.6010265946388245,0.3260135135135135,0.9542682926829268,0.23995335400104523,0.5168918918918919,0.5091463414634146,0.4923965036869049,0.5591216216216216,0.7225609756097561,0.5375301837921143,0.589527027027027,0.9237804878048781,0.5877703428268433,0.3935810810810811,0.8932926829268293,0.07978229224681854,0,0,0,0,0,0,0.0,0.0,0.0,0,0,0,0,0,0,0.40371621621621623,0.31097560975609756,0.8109686374664307,0.4341216216216216,0.31097560975609756,0.8666322231292725,0.3935810810810811,0.34146341463414637,0.3340446650981903,0.46790540540540543,0.3445121951219512,0.82935631275177,0,0,0
0.41385135135135137,0.32926829268292684,0.7918416261672974,0.44425675675675674,0.5091463414634146,0.5434373021125793,0.36993243243243246,0.5274390243902439,0.4543910622596741,0.34121621621621623,0.7439024390243902,0.47821635007858276,0.3108108108108108,0.9390243902439024,0.51015704870224,0.5202702702702703,0.5060975609756098,0.5157992243766785,0.5608108108108109,0.7164634146341463,0.5329350829124451,0.597972972972973,0.9146341463414634,0.572593629360199,0.0,0.0,0.0,0,0,0,0,0,0,0.0,0.0,0.0,0,0,0,0,0,0,0.40540540540540543,0.31402439024390244,0.7482425570487976,0.4341216216216216,0.31097560975609756,0.8720661997795105,0.3952702702702703,0.34146341463414637,0.2323373258113861,0.46959459459459457,0.3445121951219512,0.8253774046897888,0,0,0
0.4155405405405405,0.32926829268292684,0.7828868627548218,0.4408783783783784,0.5121951219512195,0.5455661416053772,0.36824324324324326,0.5365853658536586,0.4447746276855469,0.33614864864864863,0.7591463414634146,0.32937848567962646,0.30743243243243246,0.8932926829268293,0.22637049853801727,0.5202702702702703,0.5060975609756098,0.5086609125137329,0.5625,0.7073170731707317,0.5373656153678894,0.6047297297297297,0.8841463414634146,0.5886140465736389,0.0,0.0,0.0,0,0,0,0,0,0,0.0,0.0,0.0,0,0,0,0,0,0,0.40540540540540543,0.31097560975609756,0.7991171479225159,0.4358108108108108,0.31097560975609756,0.8504742383956909,0.0,0.0,0.0,0.47128378378378377,0.3445121951219512,0.8133394122123718,0,0,0
0.4172297297297297,0.32926829268292684,0.8020807504653931,0.44256756756756754,0.5121951219512195,0.5718328952789307,0.36993243243243246,0.5274390243902439,0.49766477942466736,0.3327702702702703,0.7439024390243902,0.25989043712615967,0.30236486486486486,0.8323170731707317,0.10314060002565384,0.518581081081081,0.5030487804878049,0.5021921396255493,0.5641891891891891,0.698170731707317,0.5625800490379333,0.0,0.0,0.0,0.0,0.0,0.0,0,0,0,0,0,0,0.0,0.0,0.0,0,0,0,0,0,0,0.40709459459459457,0.31402439024390244,0.8144422769546509,0.4375,0.31097560975609756,0.8203203678131104,0.0,0.0,0.0,0.47128378378378377,0.3475609756097561,0.8016031384468079,0,0,0
0.4172297297297297,0.32926829268292684,0.8089606761932373,0.44594594594594594,0.5152439024390244,0.531242311000824,0.3716216216216216,0.5335365853658537,0.42635035514831543,0.31756756756756754,0.7682926829268293,0.40845853090286255,0.26013513513513514,0.8628048780487805,0.11653369665145874,0.518581081081081,0.5030487804878049,0.5038612484931946,0.0,0.0,0.0,0.0,0.0,0.0,0.3918918918918919,0.8780487804878049,0.07312744110822678,0,0,0,0,0,0,0.0,0.0,0.0,0,0,0,0,0,0,0.40709459459459457,0.31402439024390244,0.8036358952522278,0.4358108108108108,0.31097560975609756,0.8286240696907043,0.0,0.0,0.0,0.47128378378378377,0.3475609756097561,0.7947506308555603,0,0,0
0.4172297297297297,0.32926829268292684,0.7993479371070862,0.44594594594594594,0.5152439024390244,0.5455401539802551,0.3733108108108108,0.5335365853658537,0.3980886936187744,0.3141891891891892,0.7378048780487805,0.6469811797142029,0.23817567567567569,0.8628048780487805,0.45608988404273987,0.5152027027027027,0.5030487804878049,0.5347532629966736,0.0,0.0,0.0,0.0,0.0,0.0,0.0,0.0,0.0,0,0,0,0,0,0,0.0,0.0,0.0,0,0,0,0,0,0,0.40709459459459457,0.31402439024390244,0.807218074798584,0.4358108108108108,0.31097560975609756,0.8298861980438232,0.0,0.0,0.0,0.47128378378378377,0.3475609756097561,0.7553428411483765,0,0,0
0.4172297297297297,0.32926829268292684,0.7974613308906555,0.44256756756756754,0.5182926829268293,0.6071969270706177,0.36993243243243246,0.5335365853658537,0.42862722277641296,0.3108108108108108,0.7286585365853658,0.6051936745643616,0.0,0.0,0.0,0.5152027027027027,0.5030487804878049,0.5335350632667542,0.5591216216216216,0.6646341463414634,0.0918453112244606,0.0,0.0,0.0,0.0,0.0,0.0,0,0,0,0,0,0,0.0,0.0,0.0,0,0,0,0,0,0,0.40878378378378377,0.31402439024390244,0.7690910696983337,0.4375,0.31097560975609756,0.8191512227058411,0.0,0.0,0.0,0.47297297297297297,0.3475609756097561,0.7530512809753418,0,0,0
0.4172297297297297,0.3323170731707317,0.8088948130607605,0.44256756756756754,0.5152439024390244,0.6219936609268188,0.3716216216216216,0.5304878048780488,0.4780263304710388,0.3091216216216216,0.7195121951219512,0.6322831511497498,0.2516891891891892,0.823170731707317,0.1168912798166275,0.5168918918918919,0.5060975609756098,0.555831789970398,0.5608108108108109,0.676829268292683,0.1814603954553604,0.0,0.0,0.0,0.0,0.0,0.0,0,0,0,0,0,0,0.0,0.0,0.0,0,0,0,0,0,0,0.40878378378378377,0.3170731707317073,0.7802374958992004,0.4375,0.31097560975609756,0.8173570036888123,0.0,0.0,0.0,0.47297297297297297,0.35060975609756095,0.7434583902359009,0,0,0
0.4155405405405405,0.3323170731707317,0.8516677021980286,0.44256756756756754,0.5152439024390244,0.6184911131858826,0.36824324324324326,0.5335365853658537,0.47516247630119324,0.30743243243243246,0.7195121951219512,0.5657659769058228,0.23141891891891891,0.8414634146341463,0.10866299271583557,0.5152027027027027,0.5060975609756098,0.553503692150116,0.5608108108108109,0.6829268292682927,0.4001396894454956,0.0,0.0,0.0,0.0,0.0,0.0,0,0,0,0,0,0,0.0,0.0,0.0,0,0,0,0,0,0,0.40878378378378377,0.3170731707317073,0.7767455577850342,0.4375,0.31402439024390244,0.7790328860282898,0.0,0.0,0.0,0.47297297297297297,0.35060975609756095,0.6973132491111755,0,0,0
0.4155405405405405,0.3323170731707317,0.8583045601844788,0.44256756756756754,0.5182926829268293,0.6228803992271423,0.36824324324324326,0.5304878048780488,0.5105708241462708,0.30574324324324326,0.7225609756097561,0.6618285179138184,0.21621621621621623,0.8536585365853658,0.08974212408065796,0.5135135135135135,0.5152439024390244,0.4901600480079651,0.5591216216216216,0.6829268292682927,0.18608278036117554,0.0,0.0,0.0,0.0,0.0,0.0,0,0,0,0,0,0,0.0,0.0,0.0,0,0,0,0,0,0,0.40878378378378377,0.31402439024390244,0.7447200417518616,0.4358108108108108,0.3170731707317073,0.789850115776062,0.0,0.0,0.0,0.47297297297297297,0.35365853658536583,0.7254459261894226,0,0,0
0.4155405405405405,0.3353658536585366,0.8619542717933655,0.4391891891891892,0.5182926829268293,0.606273353099823,0.36655405405405406,0.5335365853658537,0.49079692363739014,0.30574324324324326,0.7195121951219512,0.5404746532440186,0.23479729729729729,0.8414634146341463,0.1074979230761528,0.5101351351351351,0.5091463414634146,0.5068210363388062,0.5574324324324325,0.6859756097560976,0.4148440361022949,0.0,0.0,0.0,0.0,0.0,0.0,0,0,0,0,0,0,0.0,0.0,0.0,0,0,0,0,0,0,0.40709459459459457,0.3170731707317073,0.829487144947052,0.4341216216216216,0.3170731707317073,0.844516932964325,0.0,0.0,0.0,0.47128378378378377,0.35365853658536583,0.7738285660743713,0,0,0
0.41385135135135137,0.3353658536585366,0.8260860443115234,0.4375,0.5213414634146342,0.5938292741775513,0.36486486486486486,0.5396341463414634,0.350266695022583,0.30236486486486486,0.725609756097561,0.620378851890564,0.2195945945945946,0.8475609756097561,0.18744176626205444,0.5101351351351351,0.5152439024390244,0.5513672828674316,0.5540540540540541,0.6859756097560976,0.24038976430892944,0.0,0.0,0.0,0.0,0.0,0.0,0,0,0,0,0,0,0.0,0.0,0.0,0,0,0,0,0,0,0.40709459459459457,0.3170731707317073,0.8380603194236755,0.43243243243243246,0.3201219512195122,0.8284114003181458,0.0,0.0,0.0,0.46959459459459457,0.35365853658536583,0.7983731627464294,0,0,0
0.41047297297297297,0.34146341463414637,0.7420183420181274,0.4341216216216216,0.5213414634146342,0.568911612033844,0.36317567567567566,0.5335365853658537,0.3554716110229492,0.2972972972972973,0.7225609756097561,0.5903806090354919,0.22635135135135134,0.8292682926829268,0.11138031631708145,0.5067567567567568,0.5182926829268293,0.5073217749595642,0.5523648648648649,0.6829268292682927,0.34325677156448364,0.0,0.0,0.0,0.0,0.0,0.0,0,0,0,0,0,0,0.0,0.0,0.0,0,0,0,0,0,0,0.40371621621621623,0.3201219512195122,0.829610288143158,0.43074324324324326,0.3201219512195122,0.8293084502220154,0.0,0.0,0.0,0.46790540540540543,0.3567073170731707,0.7996901869773865,0,0,0
0.40878378378378377,0.34146341463414637,0.7965558767318726,0.4341216216216216,0.524390243902439,0.51132732629776,0.36486486486486486,0.5304878048780488,0.42939135432243347,0.2956081081081081,0.7134146341463414,0.6330817937850952,0.22972972972972974,0.7987804878048781,0.14396795630455017,0.5033783783783784,0.5182926829268293,0.5306704044342041,0.5523648648648649,0.676829268292683,0.16596300899982452,0.0,0.0,0.0,0.0,0.0,0.0,0,0,0,0,0,0,0.0,0.0,0.0,0,0,0,0,0,0,0.40033783783783783,0.3231707317073171,0.8409737944602966,0.42736486486486486,0.3231707317073171,0.8686519861221313,0.0,0.0,0.0,0.46452702702702703,0.3597560975609756,0.7600144147872925,0,0,0
0.40540540540540543,0.34146341463414637,0.7964175939559937,0.42905405405405406,0.524390243902439,0.5569722652435303,0.3564189189189189,0.5426829268292683,0.37801283597946167,0.30405405405405406,0.6737804878048781,0.444379985332489,0.2179054054054054,0.7804878048780488,0.23654071986675262,0.5016891891891891,0.5121951219512195,0.5183073282241821,0.5489864864864865,0.6554878048780488,0.26395025849342346,0.0,0.0,0.0,0.0,0.0,0.0,0,0,0,0,0,0,0.0,0.0,0.0,0,0,0,0,0,0,0.39864864864864863,0.32621951219512196,0.7757980823516846,0.42567567567567566,0.32621951219512196,0.768501877784729,0.0,0.0,0.0,0.46114864864864863,0.3628048780487805,0.7997245192527771,0,0,0
0.40202702702702703,0.3445121951219512,0.8544949293136597,0.42567567567567566,0.5274390243902439,0.560775876045227,0.35135135135135137,0.5548780487804879,0.23343347012996674,0.2956081081081081,0.6615853658536586,0.4378008246421814,0.22466216216216217,0.75,0.3504568636417389,0.4983108108108108,0.5091463414634146,0.47570446133613586,0.5523648648648649,0.6524390243902439,0.21093721687793732,0.0,0.0,0.0,0.0,0.0,0.0,0,0,0,0,0,0,0.0,0.0,0.0,0,0,0,0,0,0,0.3969594594594595,0.32621951219512196,0.7770704627037048,0.4222972972972973,0.32621951219512196,0.7890061140060425,0.0,0.0,0.0,0.4594594594594595,0.36585365853658536,0.7204334735870361,0,0,0
0.40033783783783783,0.3445121951219512,0.854958713054657,0.4222972972972973,0.5335365853658537,0.5308321118354797,0.34459459459459457,0.5579268292682927,0.3243177533149719,0.2972972972972973,0.6463414634146342,0.27474239468574524,0.23817567567567569,0.7103658536585366,0.40480494499206543,0.4983108108108108,0.5091463414634146,0.517869770526886,0.5591216216216216,0.6402439024390244,0.20792970061302185,0.0,0.0,0.0,0.0,0.0,0.0,0,0,0,0,0,0,0.0,0.0,0.0,0,0,0,0,0,0,0.3935810810810811,0.32621951219512196,0.774708092212677,0.4206081081081081,0.32926829268292684,0.7983348965644836,0.0,0.0,0.0,0.4560810810810811,0.3628048780487805,0.7512060403823853,0,0,0
0.39864864864864863,0.3475609756097561,0.8223855495452881,0.4239864864864865,0.5274390243902439,0.5568242073059082,0.34121621621621623,0.5579268292682927,0.3454943299293518,0.2989864864864865,0.625,0.13717730343341827,0.0,0.0,0.0,0.4983108108108108,0.5060975609756098,0.5404402613639832,0.5709459459459459,0.6280487804878049,0.11340257525444031,0.0,0.0,0.0,0.0,0.0,0.0,0,0,0,0,0,0,0.0,0.0,0.0,0,0,0,0,0,0,0.3918918918918919,0.32926829268292684,0.7763916850090027,0.4189189189189189,0.32926829268292684,0.7907508611679077,0.0,0.0,0.0,0.4560810810810811,0.3628048780487805,0.7754098773002625,0,0,0
0.3969594594594595,0.3475609756097561,0.7923480868339539,0.4222972972972973,0.524390243902439,0.5447991490364075,0.34459459459459457,0.5457317073170732,0.4029238820075989,0.2533783783783784,0.6554878048780488,0.08647866547107697,0.14189189189189189,0.676829268292683,0.11944015324115753,0.4983108108108108,0.5060975609756098,0.5545452833175659,0.5827702702702703,0.6128048780487805,0.09232082217931747,0.0,0.0,0.0,0.0,0.0,0.0,0,0,0,0,0,0,0.0,0.0,0.0,0,0,0,0,0,0,0.3902027027027027,0.32926829268292684,0.7847946286201477,0.4172297297297297,0.32926829268292684,0.753713846206665,0.0,0.0,0.0,0.4527027027027027,0.36585365853658536,0.7188935875892639,0,0,0
0.3952702702702703,0.35060975609756095,0.8262825012207031,0.4222972972972973,0.5213414634146342,0.5926761627197266,0.34459459459459457,0.5457317073170732,0.41616326570510864,0.2702702702702703,0.6219512195121951,0.18361572921276093,0.0,0.0,0.0,0.4983108108108108,0.5,0.5258421301841736,0.0,0.0,0.0,0.0,0.0,0.0,0.0,0.0,0.0,0,0,0,0,0,0,0.0,0.0,0.0,0,0,0,0,0,0,0.3885135135135135,0.3323170731707317,0.8477079272270203,0.4155405405405405,0.32926829268292684,0.8286908268928528,0.0,0.0,0.0,0.4527027027027027,0.36585365853658536,0.7229476571083069,0,0,0
0.3952702702702703,0.35060975609756095,0.8428727984428406,0.4206081081081081,0.5213414634146342,0.5965706706047058,0.34290540540540543,0.5396341463414634,0.40357014536857605,0.2668918918918919,0.6128048780487805,0.13807165622711182,0.0,0.0,0.0,0.4983108108108108,0.5,0.49325066804885864,0.0,0.0,0.0,0.0,0.0,0.0,0.0,0.0,0.0,0,0,0,0,0,0,0.0,0.0,0.0,0,0,0,0,0,0,0.3885135135135135,0.3323170731707317,0.8458582758903503,0.4155405405405405,0.32926829268292684,0.8439411520957947,0.0,0.0,0.0,0.4510135135135135,0.36585365853658536,0.7233999967575073,0,0,0
0.3952702702702703,0.35060975609756095,0.8370742201805115,0.4239864864864865,0.5213414634146342,0.5459498167037964,0.33952702702702703,0.5426829268292683,0.37416383624076843,0.23986486486486486,0.5914634146341463,0.12503357231616974,0.14358108108108109,0.573170731707317,0.45007583498954773,0.4983108108108108,0.4969512195121951,0.49662280082702637,0.0,0.0,0.0,0.0,0.0,0.0,0.0,0.0,0.0,0,0,0,0,0,0,0.0,0.0,0.0,0,0,0,0,0,0,0.38682432432432434,0.3323170731707317,0.8628501892089844,0.4155405405405405,0.32926829268292684,0.8440794944763184,0.0,0.0,0.0,0.44932432432432434,0.36585365853658536,0.7409378886222839,0,0,0
0.3952702702702703,0.35060975609756095,0.8174771070480347,0.4239864864864865,0.5213414634146342,0.5243725776672363,0.3327702702702703,0.5396341463414634,0.426466166973114,0.23817567567567569,0.5792682926829268,0.2868748903274536,0.13851351351351351,0.5426829268292683,0.5890855193138123,0.5,0.4969512195121951,0.5008917450904846,0.0,0.0,0.0,0.0,0.0,0.0,0.0,0.0,0.0,0,0,0,0,0,0,0.0,0.0,0.0,0,0,0,0,0,0,0.38682432432432434,0.3323170731707317,0.8583267331123352,0.4155405405405405,0.3323170731707317,0.8611509799957275,0.0,0.0,0.0,0.44932432432432434,0.36585365853658536,0.7726820707321167,0,0,0
0.3952702702702703,0.35060975609756095,0.8196883797645569,0.4206081081081081,0.5213414634146342,0.5717805624008179,0.33952702702702703,0.5304878048780488,0.4847460389137268,0.26182432432432434,0.5670731707317073,0.16653206944465637,0.13851351351351351,0.5152439024390244,0.6124764680862427,0.4983108108108108,0.5,0.429610013961792,0.5709459459459459,0.5487804878048781,0.13874877989292145,0.0,0.0,0.0,0.0,0.0,0.0,0,0,0,0,0,0,0.0,0.0,0.0,0,0,0,0,0,0,0.38682432432432434,0.3323170731707317,0.8486883640289307,0.4155405405405405,0.3323170731707317,0.849279522895813,0.0,0.0,0.0,0.44932432432432434,0.36585365853658536,0.7569547295570374,0,0,0
0.3952702702702703,0.35060975609756095,0.7917042970657349,0.42567567567567566,0.5213414634146342,0.5327031016349792,0.3327702702702703,0.5365853658536586,0.4223601818084717,0.24324324324324326,0.551829268292683,0.2985449433326721,0.13344594594594594,0.4695121951219512,0.5219892859458923,0.4983108108108108,0.4969512195121951,0.42705994844436646,0.5675675675675675,0.5396341463414634,0.10166364163160324,0.0,0.0,0.0,0.0,0.0,0.0,0,0,0,0,0,0,0.0,0.0,0.0,0,0,0,0,0,0,0.38682432432432434,0.3353658536585366,0.8550133109092712,0.4155405405405405,0.3323170731707317,0.8369590044021606,0.0,0.0,0.0,0.4510135135135135,0.36585365853658536,0.7308533787727356,0,0,0
0.3969594594594595,0.35060975609756095,0.7380566000938416,0.4239864864864865,0.5182926829268293,0.5723426342010498,0.33952702702702703,0.5365853658536586,0.4064590632915497,0.23986486486486486,0.5335365853658537,0.2458532601594925,0.13682432432432431,0.4420731707317073,0.578131914138794,0.5,0.4969512195121951,0.43018361926078796,0.5827702702702703,0.5121951219512195,0.2890734374523163,0.0,0.0,0.0,0.0,0.0,0.0,0,0,0,0,0,0,0.0,0.0,0.0,0,0,0,0,0,0,0.3885135135135135,0.3353658536585366,0.8384416699409485,0.4172297297297297,0.32926829268292684,0.7971636652946472,0.0,0.0,0.0,0.4527027027027027,0.36585365853658536,0.7352113723754883,0,0,0
0.39864864864864863,0.35060975609756095,0.7189687490463257,0.4239864864864865,0.5121951219512195,0.5470730066299438,0.33614864864864863,0.5335365853658537,0.38195234537124634,0.22804054054054054,0.5213414634146342,0.11878447979688644,0.14527027027027026,0.4176829268292683,0.5492392182350159,0.4966216216216216,0.49085365853658536,0.45838549733161926,0.581081081081081,0.49085365853658536,0.4446571171283722,0.0,0.0,0.0,0.0,0.0,0.0,0,0,0,0,0,0,0.0,0.0,0.0,0,0,0,0,0,0,0.3902027027027027,0.3353658536585366,0.8070858120918274,0.4189189189189189,0.3323170731707317,0.8057327270507812,0.0,0.0,0.0,0.4527027027027027,0.3628048780487805,0.7292578220367432,0,0,0
0.40033783783783783,0.35060975609756095,0.7760188579559326,0.4206081081081081,0.5121951219512195,0.5629664063453674,0.3327702702702703,0.5274390243902439,0.45905667543411255,0.24155405405405406,0.5213414634146342,0.17939350008964539,0.14695945945945946,0.39634146341463417,0.094770647585392,0.5016891891891891,0.49085365853658536,0.4598531126976013,0.5844594594594594,0.4725609756097561,0.5082311034202576,0.5962837837837838,0.43902439024390244,0.11962368339300156,0.0,0.0,0.0,0,0,0,0,0,0,0.0,0.0,0.0,0,0,0,0,0,0,0.3918918918918919,0.3323170731707317,0.7938004732131958,0.4189189189189189,0.3323170731707317,0.8512570858001709,0.0,0.0,0.0,0.4543918918918919,0.36585365853658536,0.7534567713737488,0,0,0
0.40202702702702703,0.35060975609756095,0.8086733818054199,0.4222972972972973,0.5121951219512195,0.5892407894134521,0.33783783783783783,0.524390243902439,0.42942583560943604,0.23479729729729729,0.5,0.3574085831642151,0.16047297297297297,0.38109756097560976,0.1535453349351883,0.5016891891891891,0.49085365853658536,0.45789846777915955,0.581081081081081,0.4634146341463415,0.5317123532295227,0.597972972972973,0.24390243902439024,0.3167077898979187,0.0,0.0,0.0,0,0,0,0,0,0,0.0,0.0,0.0,0,0,0,0,0,0,0.3935810810810811,0.3323170731707317,0.8407172560691833,0.4206081081081081,0.3323170731707317,0.8589925169944763,0.0,0.0,0.0,0.4560810810810811,0.36585365853658536,0.778853178024292,0,0,0
0.40371621621621623,0.35060975609756095,0.7899951338768005,0.42567567567567566,0.5121951219512195,0.527477502822876,0.34121621621621623,0.5213414634146342,0.3803788721561432,0.24155405405405406,0.49085365853658536,0.5336955189704895,0.0,0.0,0.0,0.5084459459459459,0.49085365853658536,0.4076163172721863,0.5827702702702703,0.4451219512195122,0.6240671277046204,0.5844594594594594,0.22865853658536586,0.4413203001022339,0.0,0.0,0.0,0,0,0,0,0,0,0.48817567567567566,0.8201219512195121,0.08076206594705582,0,0,0,0,0,0,0.3935810810810811,0.3323170731707317,0.8590826988220215,0.4222972972972973,0.3323170731707317,0.8470467329025269,0.0,0.0,0.0,0.4577702702702703,0.36585365853658536,0.7362160682678223,0,0,0
0.40371621621621623,0.35060975609756095,0.7043191194534302,0.4222972972972973,0.5060975609756098,0.6016973257064819,0.33783783783783783,0.5182926829268293,0.49007099866867065,0.25,0.49390243902439024,0.25540634989738464,0.1891891891891892,0.3079268292682927,0.1929215043783188,0.5067567567567568,0.49085365853658536,0.4091252088546753,0.581081081081081,0.43902439024390244,0.5842134356498718,0.5760135135135135,0.3079268292682927,0.20953471958637238,0.36824324324324326,0.8719512195121951,0.09260477125644684,0,0,0,0,0,0,0.4814189189189189,0.8414634146341463,0.07338553667068481,0,0,0,0,0,0,0.3952702702702703,0.3323170731707317,0.8573775887489319,0.4239864864864865,0.3323170731707317,0.797204852104187,0.0,0.0,0.0,0.4577702702702703,0.36585365853658536,0.6949413418769836,0,0,0
0.40540540540540543,0.35060975609756095,0.753947913646698,0.42567567567567566,0.5091463414634146,0.5591578483581543,0.33952702702702703,0.5182926829268293,0.48597073554992676,0.25,0.4847560975609756,0.21624219417572021,0.20439189189189189,0.29878048780487804,0.19568291306495667,0.5152027027027027,0.4878048780487805,0.3620012104511261,0.5827702702702703,0.4329268292682927,0.6340827345848083,0.5557432432432432,0.21951219512195122,0.6334578990936279,0.3733108108108108,0.8780487804878049,0.10426408052444458,0,0,0,0,0,0,0.0,0.0,0.0,0,0,0,0,0,0,0.3969594594594595,0.3323170731707317,0.7940302491188049,0.42567567567567566,0.3323170731707317,0.7791396975517273,0.0,0.0,0.0,0.4594594594594595,0.3628048780487805,0.6796731352806091,0,0,0
0.40709459459459457,0.3475609756097561,0.8334024548530579,0.42905405405405406,0.5030487804878049,0.5784104466438293,0.33952702702702703,0.5152439024390244,0.4730933606624603,0.26013513513513514,0.4878048780487805,0.12746067345142365,0.0,0.0,0.0,0.5135135135135135,0.4878048780487805,0.3515751361846924,0.581081081081081,0.4298780487804878,0.5081338882446289,0.5422297297297297,0.22865853658536586,0.2525874674320221,0.3766891891891892,0.8628048780487805,0.0739021748304367,0,0,0,0,0,0,0.0,0.0,0.0,0,0,0,0,0,0,0.39864864864864863,0.32926829268292684,0.8014959692955017,0.42567567567567566,0.32926829268292684,0.7992748618125916,0.0,0.0,0.0,0.46114864864864863,0.3628048780487805,0.7618839740753174,0,0,0
0.40878378378378377,0.3475609756097561,0.8386765718460083,0.42736486486486486,0.5060975609756098,0.5816055536270142,0.34459459459459457,0.5121951219512195,0.4702317416667938,0.0,0.0,0.0,0.0,0.0,0.0,0.5135135135135135,0.49085365853658536,0.41206470131874084,0.581081081081081,0.4268292682926829,0.5420125126838684,0.5287162162162162,0.2347560975609756,0.5318354368209839,0.0,0.0,0.0,0,0,0,0,0,0,0.0,0.0,0.0,0,0,0,0,0,0,0.40033783783783783,0.32926829268292684,0.8249799609184265,0.42905405405405406,0.32926829268292684,0.7979749441146851,0.0,0.0,0.0,0.46283783783783783,0.3628048780487805,0.7760850191116333,0,0,0
0.41047297297297297,0.3445121951219512,0.8161041140556335,0.42905405405405406,0.5060975609756098,0.6014877557754517,0.34628378378378377,0.5121951219512195,0.46313413977622986,0.25675675675675674,0.4847560975609756,0.14184342324733734,0.25675675675675674,0.3048780487804878,0.47753623127937317,0.5118243243243243,0.4878048780487805,0.3944697678089142,0.5861486486486487,0.43902439024390244,0.5432260632514954,0.5050675675675675,0.2347560975609756,0.1523531973361969,0.0,0.0,0.0,0,0,0,0,0,0,0.0,0.0,0.0,0,0,0,0,0,0,0.40202702702702703,0.32926829268292684,0.8285138010978699,0.42905405405405406,0.32621951219512196,0.8068339824676514,0.0,0.0,0.0,0.46452702702702703,0.3628048780487805,0.7385196089744568,0,0,0
0.41216216216216217,0.3445121951219512,0.7729113101959229,0.42736486486486486,0.5091463414634146,0.5453225374221802,0.34628378378378377,0.5182926829268293,0.4834900498390198,0.25506756756756754,0.4878048780487805,0.1981174349784851,0.2685810810810811,0.3170731707317073,0.5707528591156006,0.5118243243243243,0.49390243902439024,0.43673309683799744,0.5878378378378378,0.4481707317073171,0.5392856001853943,0.527027027027027,0.3018292682926829,0.15993456542491913,0.0,0.0,0.0,0,0,0,0,0,0,0.0,0.0,0.0,0,0,0,0,0,0,0.40371621621621623,0.32926829268292684,0.7509423494338989,0.43074324324324326,0.32621951219512196,0.7893106937408447,0.3918918918918919,0.3567073170731707,0.09085803478956223,0.46452702702702703,0.3628048780487805,0.7184964418411255,0,0,0
0.41385135135135137,0.34146341463414637,0.8293246030807495,0.43243243243243246,0.5060975609756098,0.521120011806488,0.34628378378378377,0.5182926829268293,0.4936741590499878,0.2516891891891892,0.5030487804878049,0.14967091381549835,0.28209459459459457,0.3323170731707317,0.10866011679172516,0.5101351351351351,0.49085365853658536,0.4456764757633209,0.5878378378378378,0.4573170731707317,0.5121386647224426,0.5033783783783784,0.3018292682926829,0.2469502091407776,0.0,0.0,0.0,0,0,0,0,0,0,0.49493243243243246,0.8201219512195121,0.09876761585474014,0,0,0,0,0,0,0.40371621621621623,0.32621951219512196,0.7171210646629333,0.4341216216216216,0.32621951219512196,0.8274085521697998,0.3935810810810811,0.3597560975609756,0.20456792414188385,0.46621621621621623,0.3628048780487805,0.7379457950592041,0,0,0
0.4155405405405405,0.34146341463414637,0.8417052030563354,0.4341216216216216,0.5030487804878049,0.5932371020317078,0.3530405405405405,0.5121951219512195,0.42131784558296204,0.25,0.5121951219512195,0.4976390302181244,0.2922297297297297,0.3567073170731707,0.3727266192436218,0.5118243243243243,0.4817073170731707,0.4802968204021454,0.5912162162162162,0.46646341463414637,0.49700912833213806,0.49155405405405406,0.32621951219512196,0.32653582096099854,0.0,0.0,0.0,0,0,0,0,0,0,0.0,0.0,0.0,0,0,0,0,0,0,0.40709459459459457,0.32621951219512196,0.801942765712738,0.4341216216216216,0.32621951219512196,0.820447564125061,0.0,0.0,0.0,0.46790540540540543,0.3597560975609756,0.7957549691200256,0,0,0
0.4172297297297297,0.3445121951219512,0.8170493245124817,0.43243243243243246,0.5060975609756098,0.5600149631500244,0.3547297297297297,0.5152439024390244,0.4899030923843384,0.2533783783783784,0.5152439024390244,0.5715030431747437,0.30067567567567566,0.3719512195121951,0.3545883297920227,0.5101351351351351,0.4878048780487805,0.41828909516334534,0.5962837837837838,0.46646341463414637,0.46985235810279846,0.4831081081081081,0.3567073170731707,0.48169270157814026,0.0,0.0,0.0,0,0,0,0,0,0,0.0,0.0,0.0,0,0,0,0,0,0,0.40878378378378377,0.3231707317073171,0.8478871583938599,0.4358108108108108,0.32926829268292684,0.7594539523124695,0.0,0.0,0.0,0.47128378378378377,0.3567073170731707,0.5148990154266357,0,0,0
0.4172297297297297,0.3445121951219512,0.5663384199142456,0.43243243243243246,0.5091463414634146,0.5565822124481201,0.34966216216216217,0.5213414634146342,0.5030190944671631,0.2516891891891892,0.5335365853658537,0.5019513964653015,0.3091216216216216,0.39939024390243905,0.38800713419914246,0.5101351351351351,0.49085365853658536,0.4555344879627228,0.597972972972973,0.47865853658536583,0.5371633768081665,0.4847972972972973,0.3902439024390244,0.27480223774909973,0.0,0.0,0.0,0,0,0,0,0,0,0.0,0.0,0.0,0,0,0,0,0,0,0.41047297297297297,0.3170731707317073,0.7369121313095093,0.4358108108108108,0.32621951219512196,0.8021627068519592,0.40033783783783783,0.3353658536585366,0.40781891345977783,0.46959459459459457,0.3628048780487805,0.721235990524292,0,0,0
0.4189189189189189,0.34146341463414637,0.7517743110656738,0.42905405405405406,0.5152439024390244,0.5535903573036194,0.3547297297297297,0.5213414634146342,0.46798908710479736,0.25844594594594594,0.5487804878048781,0.3550594449043274,0.0,0.0,0.0,0.5101351351351351,0.4969512195121951,0.3474704623222351,0.5844594594594594,0.5030487804878049,0.16707256436347961,0.0,0.0,0.0,0.0,0.0,0.0,0,0,0,0,0,0,0.0,0.0,0.0,0,0,0,0,0,0,0.41047297297297297,0.3231707317073171,0.7896838188171387,0.4375,0.3231707317073171,0.7724263668060303,0.39864864864864863,0.3628048780487805,0.1130477637052536,0.46959459459459457,0.3628048780487805,0.7523741722106934,0,0,0
0.4206081081081081,0.34146341463414637,0.7787429094314575,0.4358108108108108,0.5030487804878049,0.5851436257362366,0.35135135135135137,0.5213414634146342,0.46528908610343933,0.2533783783783784,0.5640243902439024,0.5053200125694275,0.32094594594594594,0.4634146341463415,0.539509654045105,0.5135135135135135,0.46646341463414637,0.36719775199890137,0.5760135135135135,0.5274390243902439,0.2189541459083557,0.0,0.0,0.0,0.0,0.0,0.0,0,0,0,0,0,0,0.49493243243243246,0.8170731707317073,0.06649898737668991,0,0,0,0,0,0,0.41047297297297297,0.3231707317073171,0.7783175706863403,0.4391891891891892,0.3231707317073171,0.8133761286735535,0.0,0.0,0.0,0.47128378378378377,0.3628048780487805,0.7271031141281128,0,0,0
0.4206081081081081,0.34146341463414637,0.7855275869369507,0.44425675675675674,0.5152439024390244,0.49086129665374756,0.3581081081081081,0.5213414634146342,0.38060101866722107,0.25675675675675674,0.5914634146341463,0.33393171429634094,0.31756756756756754,0.4969512195121951,0.4024333357810974,0.5067567567567568,0.49085365853658536,0.41472554206848145,0.6047297297297297,0.5304878048780488,0.27583613991737366,0.0,0.0,0.0,0.0,0.0,0.0,0,0,0,0,0,0,0.5016891891891891,0.801829268292683,0.13359098136425018,0,0,0,0,0,0,0.41216216216216217,0.3231707317073171,0.8040100932121277,0.4391891891891892,0.3231707317073171,0.8453385829925537,0.0,0.0,0.0,0.47128378378378377,0.3597560975609756,0.7700124979019165,0,0,0
0.4206081081081081,0.34146341463414637,0.8071104884147644,0.4560810810810811,0.5060975609756098,0.44861868023872375,0.3783783783783784,0.5060975609756098,0.2483345866203308,0.25675675675675674,0.6128048780487805,0.4740969240665436,0.32263513513513514,0.5396341463414634,0.3351552188396454,0.5304054054054054,0.4878048780487805,0.3512255549430847,0.6097972972972973,0.5487804878048781,0.46034547686576843,0.46959459459459457,0.5,0.14615215361118317,0.0,0.0,0.0,0,0,0,0,0,0,0.5084459459459459,0.823170731707317,0.09981799870729446,0,0,0,0,0,0,0.41216216216216217,0.3231707317073171,0.8062363862991333,0.4408783783783784,0.3231707317073171,0.860186755657196,0.0,0.0,0.0,0.47297297297297297,0.3567073170731707,0.7748194932937622,0,0,0
0.4222972972972973,0.34146341463414637,0.8127114176750183,0.4510135135135135,0.5030487804878049,0.5310453176498413,0.3783783783783784,0.5121951219512195,0.2862771153450012,0.0,0.0,0.0,0.0,0.0,0.0,0.5152027027027027,0.49085365853658536,0.38843226432800293,0.6114864864864865,0.5701219512195121,0.5269989371299744,0.0,0.0,0.0,0.0,0.0,0.0,0,0,0,0,0,0,0.0,0.0,0.0,0,0,0,0,0,0,0.41216216216216217,0.3231707317073171,0.8343064785003662,0.4408783783783784,0.3231707317073171,0.8702548742294312,0.0,0.0,0.0,0.47297297297297297,0.3597560975609756,0.8013843297958374,0,0,0
0.4222972972972973,0.34146341463414637,0.8135519623756409,0.44256756756756754,0.5060975609756098,0.6103342771530151,0.36993243243243246,0.5152439024390244,0.4401465356349945,0.0,0.0,0.0,0.0,0.0,0.0,0.5152027027027027,0.49390243902439024,0.4490988552570343,0.6081081081081081,0.5823170731707317,0.45690783858299255,0.5118243243243243,0.573170731707317,0.5158265233039856,0.0,0.0,0.0,0,0,0,0,0,0,0.0,0.0,0.0,0,0,0,0,0,0,0.41385135135135137,0.3231707317073171,0.8385688662528992,0.4408783783783784,0.3231707317073171,0.8638104796409607,0.0,0.0,0.0,0.47466216216216217,0.3597560975609756,0.8170434832572937,0,0,0
0.4222972972972973,0.34146341463414637,0.7681370973587036,0.44763513513513514,0.5091463414634146,0.5994344353675842,0.3733108108108108,0.5152439024390244,0.4558073878288269,0.3125,0.5853658536585366,0.13446098566055298,0.0,0.0,0.0,0.5152027027027027,0.4969512195121951,0.4598448872566223,0.6081081081081081,0.5914634146341463,0.4309692978858948,0.5067567567567568,0.6036585365853658,0.4806130528450012,0.0,0.0,0.0,0,0,0,0,0,0,0.0,0.0,0.0,0,0,0,0,0,0,0.41385135135135137,0.3231707317073171,0.852748453617096,0.44256756756756754,0.3231707317073171,0.8700712323188782,0.0,0.0,0.0,0.47466216216216217,0.3567073170731707,0.83021479845047,0,0,0
0.4239864864864865,0.34146341463414637,0.7496863603591919,0.44594594594594594,0.5121951219512195,0.5735329389572144,0.36993243243243246,0.5182926829268293,0.4664439857006073,0.30236486486486486,0.6036585365853658,0.24609720706939697,0.2685810810810811,0.6463414634146342,0.1599065363407135,0.5202702702702703,0.5,0.48462504148483276,0.6081081081081081,0.6036585365853658,0.2641044557094574,0.5236486486486487,0.6310975609756098,0.43460097908973694,0.0,0.0,0.0,0,0,0,0,0,0,0.0,0.0,0.0,0,0,0,0,0,0,0.4155405405405405,0.3231707317073171,0.8452833890914917,0.44425675675675674,0.3231707317073171,0.8079665899276733,0.0,0.0,0.0,0.47635135135135137,0.3567073170731707,0.8230165839195251,0,0,0
0.42567567567567566,0.34146341463414637,0.7345579862594604,0.44425675675675674,0.5152439024390244,0.5961223244667053,0.36993243243243246,0.524390243902439,0.42242610454559326,0.28040540540540543,0.6341463414634146,0.23210841417312622,0.30574324324324326,0.6646341463414634,0.19548632204532623,0.5202702702702703,0.5030487804878049,0.5169147849082947,0.6081081081081081,0.6128048780487805,0.36215442419052124,0.5236486486486487,0.6554878048780488,0.3234826624393463,0.0,0.0,0.0,0,0,0,0,0,0,0.0,0.0,0.0,0,0,0,0,0,0,0.4172297297297297,0.3231707317073171,0.8251858353614807,0.44425675675675674,0.3231707317073171,0.7885183691978455,0.0,0.0,0.0,0.4780405405405405,0.3567073170731707,0.790878176689148,0,0,0
0.42567567567567566,0.34146341463414637,0.7797791957855225,0.44763513513513514,0.5213414634146342,0.6182430386543274,0.36824324324324326,0.5304878048780488,0.41785696148872375,0.2905405405405405,0.6371951219512195,0.5424825549125671,0.3108108108108108,0.7134146341463414,0.27821940183639526,0.5219594594594594,0.5030487804878049,0.5468538999557495,0.6081081081081081,0.625,0.39284467697143555,0.5253378378378378,0.6920731707317073,0.5420551300048828,0.0,0.0,0.0,0,0,0,0,0,0,0.0,0.0,0.0,0,0,0,0,0,0,0.4189189189189189,0.3231707317073171,0.794258713722229,0.44594594594594594,0.3231707317073171,0.8476676940917969,0.0,0.0,0.0,0.4797297297297297,0.3597560975609756,0.7824050188064575,0,0,0
0.42905405405405406,0.3384146341463415,0.7645694613456726,0.44932432432432434,0.5213414634146342,0.6218138933181763,0.36824324324324326,0.5335365853658537,0.4200342297554016,0.2922297297297297,0.6554878048780488,0.5322352647781372,0.30743243243243246,0.75,0.5917961001396179,0.5253378378378378,0.5091463414634146,0.5273565649986267,0.606418918918919,0.6280487804878049,0.4959198534488678,0.527027027027027,0.7378048780487805,0.40897294878959656,0.0,0.0,0.0,0,0,0,0,0,0,0.0,0.0,0.0,0,0,0,0,0,0,0.4206081081081081,0.3231707317073171,0.8521426320075989,0.44763513513513514,0.3231707317073171,0.8624392151832581,0.0,0.0,0.0,0.4814189189189189,0.3597560975609756,0.8258430361747742,0,0,0
0.43074324324324326,0.34146341463414637,0.7476087212562561,0.44763513513513514,0.524390243902439,0.6174178123474121,0.36993243243243246,0.5396341463414634,0.46567556262016296,0.2956081081081081,0.6676829268292683,0.5511860847473145,0.30743243243243246,0.7804878048780488,0.5767517685890198,0.527027027027027,0.5121951219512195,0.5004642009735107,0.6030405405405406,0.6432926829268293,0.5805727243423462,0.527027027027027,0.7774390243902439,0.4985935091972351,0.0,0.0,0.0,0,0,0,0,0,0,0.0,0.0,0.0,0,0,0,0,0,0,0.4222972972972973,0.3231707317073171,0.8454194664955139,0.4510135135135135,0.32621951219512196,0.7930750250816345,0.0,0.0,0.0,0.4831081081081081,0.3628048780487805,0.7860389351844788,0,0,0
0.43243243243243246,0.34146341463414637,0.7772032618522644,0.44932432432432434,0.524390243902439,0.6357726454734802,0.36824324324324326,0.5426829268292683,0.4490302503108978,0.30067567567567566,0.676829268292683,0.6783174276351929,0.3108108108108108,0.7926829268292683,0.5483396053314209,0.5287162162162162,0.5121951219512195,0.5423811674118042,0.6013513513513513,0.6524390243902439,0.5494289994239807,0.5304054054054054,0.7987804878048781,0.46341702342033386,0.0,0.0,0.0,0,0,0,0,0,0,0.0,0.0,0.0,0,0,0,0,0,0,0.4239864864864865,0.3231707317073171,0.774877667427063,0.4510135135135135,0.32621951219512196,0.732943594455719,0.0,0.0,0.0,0.4847972972972973,0.3628048780487805,0.7475881576538086,0,0,0
0.4341216216216216,0.34146341463414637,0.8248138427734375,0.4510135135135135,0.524390243902439,0.621237576007843,0.3716216216216216,0.5365853658536586,0.4238334894180298,0.30405405405405406,0.6859756097560976,0.6545200347900391,0.0,0.0,0.0,0.5287162162162162,0.5152439024390244,0.5647741556167603,0.6013513513513513,0.6676829268292683,0.5643688440322876,0.48986486486486486,0.8384146341463414,0.30999112129211426,0.0,0.0,0.0,0,0,0,0,0,0,0.0,0.0,0.0,0,0,0,0,0,0,0.42567567567567566,0.3231707317073171,0.8061742782592773,0.4527027027027027,0.32621951219512196,0.810085117816925,0.0,0.0,0.0,0.4864864864864865,0.3597560975609756,0.7529370188713074,0,0,0
0.4358108108108108,0.34146341463414637,0.8282763957977295,0.4527027027027027,0.5213414634146342,0.563239336013794,0.375,0.5335365853658537,0.383567214012146,0.30574324324324326,0.6920731707317073,0.6230390071868896,0.3141891891891892,0.8292682926829268,0.28955915570259094,0.5287162162162162,0.5152439024390244,0.5596875548362732,0.597972972972973,0.6646341463414634,0.6420954465866089,0.5304054054054054,0.8292682926829268,0.18193839490413666,0.0,0.0,0.0,0,0,0,0,0,0,0.0,0.0,0.0,0,0,0,0,0,0,0.42736486486486486,0.3231707317073171,0.8347804546356201,0.4543918918918919,0.32621951219512196,0.808635950088501,0.0,0.0,0.0,0.48817567567567566,0.3597560975609756,0.8168942332267761,0,0,0
0.4375,0.3445121951219512,0.8093967437744141,0.4527027027027027,0.524390243902439,0.5812833905220032,0.3766891891891892,0.5396341463414634,0.40733975172042847,0.3091216216216216,0.6951219512195121,0.6207708120346069,0.0,0.0,0.0,0.5304054054054054,0.5121951219512195,0.5640581250190735,0.597972972972973,0.6737804878048781,0.639672040939331,0.5320945945945946,0.8292682926829268,0.48679959774017334,0.0,0.0,0.0,0,0,0,0,0,0,0.0,0.0,0.0,0,0,0,0,0,0,0.42905405405405406,0.32621951219512196,0.8099609613418579,0.4560810810810811,0.32621951219512196,0.8124062418937683,0.0,0.0,0.0,0.48986486486486486,0.3628048780487805,0.8053498268127441,0,0,0
0.4391891891891892,0.34146341463414637,0.7659931778907776,0.4560810810810811,0.5213414634146342,0.6094562411308289,0.3783783783783784,0.5335365853658537,0.41131094098091125,0.3091216216216216,0.6951219512195121,0.6368749737739563,0.31756756756756754,0.8292682926829268,0.6191136240959167,0.5320945945945946,0.5121951219512195,0.5312967896461487,0.5962837837837838,0.6707317073170732,0.6196397542953491,0.5304054054054054,0.8292682926829268,0.16295507550239563,0.0,0.0,0.0,0,0,0,0,0,0,0.0,0.0,0.0,0,0,0,0,0,0,0.43074324324324326,0.32621951219512196,0.7680637240409851,0.4577702702702703,0.32621951219512196,0.7586473822593689,0.0,0.0,0.0,0.49155405405405406,0.3628048780487805,0.7869293689727783,0,0,0
0.4408783783783784,0.34146341463414637,0.8068856596946716,0.4560810810810811,0.524390243902439,0.5576714873313904,0.3783783783783784,0.5365853658536586,0.35856831073760986,0.3091216216216216,0.6951219512195121,0.5755454301834106,0.31925675675675674,0.8262195121951219,0.6882666349411011,0.5320945945945946,0.5152439024390244,0.5173831582069397,0.6013513513513513,0.6737804878048781,0.6037812829017639,0.5253378378378378,0.8292682926829268,0.1877150982618332,0.0,0.0,0.0,0,0,0,0,0,0,0.0,0.0,0.0,0,0,0,0,0,0,0.43243243243243246,0.3231707317073171,0.770965039730072,0.4594594594594595,0.32621951219512196,0.8256803750991821,0.0,0.0,0.0,0.49155405405405406,0.3597560975609756,0.779281735420227,0,0,0
0.4408783783783784,0.34146341463414637,0.8201237916946411,0.4560810810810811,0.5213414634146342,0.5822202563285828,0.3783783783783784,0.5335365853658537,0.4278271496295929,0.3108108108108108,0.6920731707317073,0.5851930975914001,0.31925675675675674,0.8262195121951219,0.6873071193695068,0.5337837837837838,0.5121951219512195,0.5192012190818787,0.6030405405405406,0.6737804878048781,0.634242057800293,0.5219594594594594,0.8292682926829268,0.3686537444591522,0.0,0.0,0.0,0,0,0,0,0,0,0.0,0.0,0.0,0,0,0,0,0,0,0.43243243243243246,0.3231707317073171,0.8143739700317383,0.4594594594594595,0.32621951219512196,0.8003427982330322,0.0,0.0,0.0,0.49155405405405406,0.3597560975609756,0.7627999186515808,0,0,0
0.4408783783783784,0.34146341463414637,0.8343815207481384,0.4577702702702703,0.5213414634146342,0.563679575920105,0.38006756756756754,0.5335365853658537,0.4405934512615204,0.3125,0.6890243902439024,0.6248617172241211,0.31925675675675674,0.8262195121951219,0.6482036709785461,0.5371621621621622,0.5152439024390244,0.5604678988456726,0.6030405405405406,0.676829268292683,0.6553714275360107,0.5337837837837838,0.823170731707317,0.3945964574813843,0.0,0.0,0.0,0,0,0,0,0,0,0.0,0.0,0.0,0,0,0,0,0,0,0.43243243243243246,0.3231707317073171,0.8032982349395752,0.4594594594594595,0.32621951219512196,0.8147518038749695,0.0,0.0,0.0,0.49324324324324326,0.3597560975609756,0.7746355533599854,0,0,0
0.4408783783783784,0.34146341463414637,0.8134089112281799,0.4577702702702703,0.5213414634146342,0.5669729113578796,0.3783783783783784,0.5335365853658537,0.43359243869781494,0.3158783783783784,0.6951219512195121,0.5560222268104553,0.31756756756756754,0.8353658536585366,0.5847347378730774,0.535472972972973,0.5091463414634146,0.5470753908157349,0.6013513513513513,0.6829268292682927,0.6247780919075012,0.5456081081081081,0.8201219512195121,0.6339879631996155,0.0,0.0,0.0,0,0,0,0,0,0,0.0,0.0,0.0,0,0,0,0,0,0,0.43243243243243246,0.3231707317073171,0.7987030148506165,0.46114864864864863,0.3231707317073171,0.8415380120277405,0.0,0.0,0.0,0.49324324324324326,0.3567073170731707,0.7809179425239563,0,0,0
0.4391891891891892,0.3384146341463415,0.7583163380622864,0.4560810810810811,0.524390243902439,0.5556768178939819,0.3766891891891892,0.5396341463414634,0.47710350155830383,0.3260135135135135,0.7042682926829268,0.48263290524482727,0.32094594594594594,0.8414634146341463,0.4560427963733673,0.535472972972973,0.5091463414634146,0.5278830528259277,0.5962837837837838,0.698170731707317,0.6354272961616516,0.5472972972972973,0.8414634146341463,0.2873340845108032,0.0,0.0,0.0,0,0,0,0,0,0,0.0,0.0,0.0,0,0,0,0,0,0,0.43074324324324326,0.3201219512195122,0.7998373508453369,0.4594594594594595,0.3231707317073171,0.8242776989936829,0.0,0.0,0.0,0.49155405405405406,0.3567073170731707,0.8065749406814575,0,0,0
0.4375,0.3384146341463415,0.7814794778823853,0.4543918918918919,0.524390243902439,0.5689364075660706,0.3766891891891892,0.5457317073170732,0.4709281921386719,0.3344594594594595,0.7195121951219512,0.5912690758705139,0.32263513513513514,0.8719512195121951,0.43973585963249207,0.5320945945945946,0.5091463414634146,0.5114677548408508,0.5844594594594594,0.7134146341463414,0.6077964901924133,0.543918918918919,0.8567073170731707,0.14766210317611694,0.0,0.0,0.0,0,0,0,0,0,0,0.0,0.0,0.0,0,0,0,0,0,0,0.42736486486486486,0.3201219512195122,0.8571015000343323,0.4560810810810811,0.3231707317073171,0.8623696565628052,0.0,0.0,0.0,0.48817567567567566,0.35365853658536583,0.7961539626121521,0,0,0
0.4341216216216216,0.34146341463414637,0.7771524786949158,0.4560810810810811,0.5365853658536586,0.5013574957847595,0.3733108108108108,0.5487804878048781,0.44260087609291077,0.33952702702702703,0.7469512195121951,0.5087036490440369,0.32263513513513514,0.8902439024390244,0.4534216821193695,0.5337837837837838,0.5182926829268293,0.49698248505592346,0.5692567567567568,0.7317073170731707,0.5553449392318726,0.5304054054054054,0.9054878048780488,0.298164427280426,0.0,0.0,0.0,0,0,0,0,0,0,0.0,0.0,0.0,0,0,0,0,0,0,0.4239864864864865,0.3231707317073171,0.7872034311294556,0.4527027027027027,0.3231707317073171,0.8455448150634766,0.0,0.0,0.0,0.4864864864864865,0.3567073170731707,0.7925273180007935,0,0,0
0.43074324324324326,0.35060975609756095,0.773541271686554,0.4527027027027027,0.5396341463414634,0.4430408477783203,0.3716216216216216,0.551829268292683,0.4193911850452423,0.35135135135135137,0.75,0.27428755164146423,0.3310810810810811,0.9085365853658537,0.46455681324005127,0.5320945945945946,0.5274390243902439,0.40797972679138184,0.5608108108108109,0.7530487804878049,0.5013518333435059,0.5371621621621622,0.926829268292683,0.50226891040802,0.0,0.0,0.0,0,0,0,0,0,0,0.0,0.0,0.0,0,0,0,0,0,0,0.4222972972972973,0.32926829268292684,0.7961934208869934,0.44932432432432434,0.3323170731707317,0.8234018087387085,0.40878378378378377,0.35060975609756095,0.3293781280517578,0.4847972972972973,0.3597560975609756,0.7922450304031372,0,0,0
0.42905405405405406,0.375,0.771274209022522,0.4560810810810811,0.5579268292682927,0.4609151780605316,0.3716216216216216,0.5701219512195121,0.354730486869812,0.3581081081081081,0.7560975609756098,0.2295912504196167,0.33614864864864863,0.9786585365853658,0.354830801486969,0.5287162162162162,0.5487804878048781,0.3877083957195282,0.5540540540540541,0.774390243902439,0.4654431641101837,0.5422297297297297,0.9420731707317073,0.3952382206916809,0.4155405405405405,0.9420731707317073,0.0758967399597168,0,0,0,0,0,0,0.0,0.0,0.0,0,0,0,0,0,0,0.4206081081081081,0.3445121951219512,0.8383850455284119,0.44425675675675674,0.3475609756097561,0.7626848220825195,0.40371621621621623,0.35060975609756095,0.49108704924583435,0.4814189189189189,0.3719512195121951,0.7878109812736511,0,0,0
0.42905405405405406,0.4024390243902439,0.7798829078674316,0.44594594594594594,0.5762195121951219,0.36057376861572266,0.36486486486486486,0.5823170731707317,0.44232338666915894,0.3564189189189189,0.7652439024390244,0.29358747601509094,0.34459459459459457,0.926829268292683,0.15923039615154266,0.5236486486486487,0.5670731707317073,0.40297937393188477,0.5574324324324325,0.8109756097560976,0.2639855742454529,0.0,0.0,0.0,0.0,0.0,0.0,0,0,0,0,0,0,0.0,0.0,0.0,0,0,0,0,0,0,0.4189189189189189,0.36890243902439024,0.780657172203064,0.44425675675675674,0.3719512195121951,0.7753415703773499,0.40033783783783783,0.3719512195121951,0.5697569251060486,0.4797297297297297,0.3902439024390244,0.7014604210853577,0,0,0
0.42905405405405406,0.43597560975609756,0.7842393517494202,0.44256756756756754,0.6067073170731707,0.3861393928527832,0.3614864864864865,0.6067073170731707,0.3593510389328003,0.3547297297297297,0.823170731707317,0.12230025231838226,0.0,0.0,0.0,0.5304054054054054,0.6189024390243902,0.3570183217525482,0.5540540540540541,0.850609756097561,0.2646237909793854,0.0,0.0,0.0,0.4341216216216216,0.9542682926829268,0.07407205551862717,0,0,0,0,0,0,0.0,0.0,0.0,0,0,0,0,0,0,0.4172297297297297,0.39939024390243905,0.717122495174408,0.44594594594594594,0.4024390243902439,0.8062174916267395,0.3969594594594595,0.39634146341463417,0.3454297184944153,0.4780405405405405,0.4146341463414634,0.7071102857589722,0,0,0
0.42736486486486486,0.4725609756097561,0.7261027097702026,0.44594594594594594,0.625,0.45712414383888245,0.36317567567567566,0.6097560975609756,0.413751482963562,0.3547297297297297,0.8384146341463414,0.30405887961387634,0.0,0.0,0.0,0.5253378378378378,0.6432926829268293,0.3740690350532532,0.5506756756756757,0.9054878048780488,0.21112042665481567,0.0,0.0,0.0,0.42905405405405406,0.9664634146341463,0.08910297602415085,0,0,0,0,0,0,0.0,0.0,0.0,0,0,0,0,0,0,0.4155405405405405,0.43597560975609756,0.7424086332321167,0.44594594594594594,0.43902439024390244,0.7001463770866394,0.3918918918918919,0.43597560975609756,0.4757855236530304,0.4780405405405405,0.4451219512195122,0.7588843703269958,0,0,0
0.42567567567567566,0.5060975609756098,0.7694932222366333,0.44594594594594594,0.6463414634146342,0.44277310371398926,0.36655405405405406,0.6219512195121951,0.42839348316192627,0.3581081081081081,0.9207317073170732,0.09861647337675095,0.0,0.0,0.0,0.5219594594594594,0.6737804878048781,0.3506903350353241,0.543918918918919,0.948170731707317,0.10119520127773285,0.0,0.0,0.0,0.4239864864864865,0.9695121951219512,0.08080613613128662,0,0,0,0,0,0,0.0,0.0,0.0,0,0,0,0,0,0,0.41385135135135137,0.4725609756097561,0.7790681719779968,0.4408783783783784,0.4725609756097561,0.8172025680541992,0.3902027027027027,0.4634146341463415,0.5855613350868225,0.47635135135135137,0.4695121951219512,0.761634886264801,0,0,0
0.42567567567567566,0.5365853658536586,0.6846388578414917,0.44932432432432434,0.6554878048780488,0.5500360131263733,0.36655405405405406,0.6341463414634146,0.480020135641098,0.3614864864864865,0.8048780487804879,0.1716177612543106,0.36317567567567566,0.9664634146341463,0.14781886339187622,0.5202702702702703,0.6829268292682927,0.33479732275009155,0.0,0.0,0.0,0.0,0.0,0.0,0.0,0.0,0.0,0,0,0,0,0,0,0.0,0.0,0.0,0,0,0,0,0,0,0.41216216216216217,0.5,0.7666677236557007,0.4391891891891892,0.5,0.7446450591087341,0.3885135135135135,0.49085365853658536,0.5063656568527222,0.4780405405405405,0.4969512195121951,0.7266745567321777,0,0,0
0.42567567567567566,0.5609756097560976,0.699479877948761,0.4543918918918919,0.6737804878048781,0.443452924489975,0.36993243243243246,0.6463414634146342,0.42555728554725647,0.36824324324324326,0.801829268292683,0.3836764395236969,0.36655405405405406,0.9420731707317073,0.4334810972213745,0.5202702702702703,0.7073170731707317,0.31216591596603394,0.0,0.0,0.0,0.0,0.0,0.0,0.43243243243243246,0.9634146341463414,0.09756924957036972,0,0,0,0,0,0,0.0,0.0,0.0,0,0,0,0,0,0,0.41047297297297297,0.5213414634146342,0.7348107099533081,0.4408783783783784,0.5213414634146342,0.7537504434585571,0.3885135135135135,0.5060975609756098,0.489637166261673,0.4780405405405405,0.5152439024390244,0.677039623260498,0,0,0
0.4239864864864865,0.5823170731707317,0.7527632713317871,0.4527027027027027,0.6859756097560976,0.48756465315818787,0.375,0.6585365853658537,0.43399253487586975,0.3716216216216216,0.8048780487804879,0.3662846088409424,0.3716216216216216,0.9390243902439024,0.4339539706707001,0.5152027027027027,0.7103658536585366,0.31917572021484375,0.0,0.0,0.0,0.0,0.0,0.0,0.0,0.0,0.0,0,0,0,0,0,0,0.0,0.0,0.0,0,0,0,0,0,0,0.40878378378378377,0.5396341463414634,0.794083833694458,0.44425675675675674,0.5426829268292683,0.7878630757331848,0.3885135135135135,0.5152439024390244,0.47713351249694824,0.4814189189189189,0.5335365853658537,0.7512343525886536,0,0,0
0.4239864864864865,0.5975609756097561,0.7212553024291992,0.4510135135135135,0.7012195121951219,0.4120742082595825,0.3766891891891892,0.6615853658536586,0.4782203137874603,0.3733108108108108,0.8048780487804879,0.38551920652389526,0.3783783783783784,0.9451219512195121,0.41223031282424927,0.5219594594594594,0.7835365853658537,0.23306384682655334,0.0,0.0,0.0,0.0,0.0,0.0,0.0,0.0,0.0,0,0,0,0,0,0,0.0,0.0,0.0,0,0,0,0,0,0,0.40878378378378377,0.5548780487804879,0.8164889216423035,0.44425675675675674,0.5579268292682927,0.7323028445243835,0.3902027027027027,0.524390243902439,0.30866509675979614,0.4814189189189189,0.5548780487804879,0.7887616753578186,0,0,0
0.4222972972972973,0.6097560975609756,0.741641640663147,0.4543918918918919,0.7103658536585366,0.3370136618614197,0.38175675675675674,0.6585365853658537,0.4266091287136078,0.38175675675675674,0.801829268292683,0.2765120565891266,0.38175675675675674,0.9329268292682927,0.3516835570335388,0.5202702702702703,0.7896341463414634,0.18507979810237885,0.0,0.0,0.0,0.0,0.0,0.0,0.0,0.0,0.0,0,0,0,0,0,0,0.0,0.0,0.0,0,0,0,0,0,0,0.40709459459459457,0.5670731707317073,0.7868573069572449,0.44594594594594594,0.5701219512195121,0.7710767388343811,0.0,0.0,0.0,0.4831081081081081,0.5579268292682927,0.7107729315757751,0,0,0
0.4222972972972973,0.6097560975609756,0.7812674045562744,0.4577702702702703,0.7134146341463414,0.3941837251186371,0.38344594594594594,0.6676829268292683,0.4418995678424835,0.38344594594594594,0.8292682926829268,0.3236863613128662,0.38513513513513514,0.9512195121951219,0.5134643316268921,0.5219594594594594,0.7682926829268293,0.19696016609668732,0.0,0.0,0.0,0.0,0.0,0.0,0.0,0.0,0.0,0,0,0,0,0,0,0.0,0.0,0.0,0,0,0,0,0,0,0.40709459459459457,0.5701219512195121,0.7868441939353943,0.44763513513513514,0.573170731707317,0.754635214805603,0.3918918918918919,0.551829268292683,0.146779403090477,0.4847972972972973,0.5640243902439024,0.707783579826355,0,0,0
