0.4239864864864865,0.32926829268292684,0.7974799871444702,0.44932432432432434,0.5060975609756098,0.5134706497192383,0.375,0.5152439024390244,0.3225751221179962,0.35135135135135137,0.7286585365853658,0.48387718200683594,0.3141891891891892,0.9329268292682927,0.39589133858680725,0.5236486486486487,0.4969512195121951,0.46316105127334595,0.5658783783783784,0.7408536585365854,0.47290855646133423,0.5675675675675675,0.9451219512195121,0.507975161075592,0.0,0.0,0.0,0,0,0,0,0,0,0.0,0.0,0.0,0,0,0,0,0,0,0.41385135135135137,0.3079268292682927,0.8447737097740173,0.44425675675675674,0.3079268292682927,0.8355713486671448,0.0,0.0,0.0,0.4814189189189189,0.34146341463414637,0.7384079098701477,0,0,0
0.42567567567567566,0.32926829268292684,0.7144991755485535,0.4510135135135135,0.5030487804878049,0.5389831066131592,0.3766891891891892,0.5091463414634146,0.28563404083251953,0.34797297297297297,0.7286585365853658,0.5514406561851501,0.3108108108108108,0.9115853658536586,0.49319374561309814,0.5253378378378378,0.5,0.46056991815567017,0.5641891891891891,0.7378048780487805,0.524689257144928,0.0,0.0,0.0,0.3935810810810811,0.8932926829268293,0.10291310399770737,0,0,0,0,0,0,0.0,0.0,0.0,0,0,0,0,0,0,0.4155405405405405,0.3079268292682927,0.8515487909317017,0.44425675675675674,0.3079268292682927,0.7799855470657349,0.40371621621621623,0.32621951219512196,0.19089366495609283,0.4814189189189189,0.34146341463414637,0.7643608450889587,0,0,0
0.42567567567567566,0.32926829268292684,0.7158005833625793,0.4510135135135135,0.5030487804878049,0.5410180687904358,0.3766891891891892,0.5091463414634146,0.30785277485847473,0.34966216216216217,0.7286585365853658,0.5740347504615784,0.3108108108108108,0.9085365853658537,0.48251667618751526,0.5253378378378378,0.5,0.460897296667099,0.5641891891891891,0.7378048780487805,0.5292331576347351,0.0,0.0,0.0,0.3952702702702703,0.8902439024390244,0.09055321663618088,0,0,0,0,0,0,0.0,0.0,0.0,0,0,0,0,0,0,0.4155405405405405,0.3079268292682927,0.8518564701080322,0.44425675675675674,0.3079268292682927,0.7766297459602356,0.40371621621621623,0.32621951219512196,0.19626016914844513,0.4814189189189189,0.34146341463414637,0.7618412971496582,0,0,0
0.42736486486486486,0.32926829268292684,0.7621056437492371,0.44932432432432434,0.5060975609756098,0.5411510467529297,0.3766891891891892,0.5091463414634146,0.38824358582496643,0.34966216216216217,0.7195121951219512,0.37484943866729736,0.30743243243243246,0.9085365853658537,0.48803865909576416,0.5253378378378378,0.5,0.47853344678878784,0.5641891891891891,0.7347560975609756,0.5706062912940979,0.5844594594594594,0.9420731707317073,0.4059770703315735,0.3952702702702703,0.8902439024390244,0.1147824078798294,0,0,0,0,0,0,0.0,0.0,0.0,0,0,0,0,0,0,0.4155405405405405,0.3079268292682927,0.8419937491416931,0.44594594594594594,0.3079268292682927,0.8273254036903381,0.40540540540540543,0.3323170731707317,0.3639732897281647,0.4831081081081081,0.3384146341463415,0.7566090226173401,0,0,0
0.42567567567567566,0.32926829268292684,0.7600206732749939,0.44932432432432434,0.5060975609756098,0.5409291982650757,0.3766891891891892,0.5091463414634146,0.3708118200302124,0.34966216216216217,0.7195121951219512,0.35830602049827576,0.30743243243243246,0.9085365853658537,0.4761658012866974,0.5253378378378378,0.5,0.4834780991077423,0.5625,0.7347560975609756,0.5839773416519165,0.5844594594594594,0.9420731707317073,0.4795859754085541,0.3952702702702703,0.8932926829268293,0.10930787771940231,0,0,0,0,0,0,0.0,0.0,0.0,0,0,0,0,0,0,0.4155405405405405,0.3079268292682927,0.8411557674407959,0.44594594594594594,0.3079268292682927,0.8288209438323975,0.40540540540540543,0.3353658536585366,0.3535618484020233,0.4831081081081081,0.3384146341463415,0.7581411600112915,0,0,0
0.42905405405405406,0.32926829268292684,0.7786754965782166,0.4510135135135135,0.5091463414634146,0.5333750247955322,0.375,0.5152439024390244,0.4504707157611847,0.34628378378378377,0.7378048780487805,0.5731917023658752,0.30574324324324326,0.9176829268292683,0.41019371151924133,0.527027027027027,0.5060975609756098,0.4690511226654053,0.5625,0.7378048780487805,0.6196727156639099,0.5861486486486487,0.948170731707317,0.2794284522533417,0.3935810810810811,0.8841463414634146,0.08493910729885101,0,0,0,0,0,0,0.0,0.0,0.0,0,0,0,0,0,0,0.4172297297297297,0.3079268292682927,0.7723042964935303,0.44763513513513514,0.3079268292682927,0.8620878458023071,0.40540540540540543,0.32621951219512196,0.43251940608024597,0.4831081081081081,0.34146341463414637,0.7277106046676636,0,0,0
0.42905405405405406,0.32926829268292684,0.7790534496307373,0.4510135135135135,0.5091463414634146,0.5234114527702332,0.3733108108108108,0.5182926829268293,0.438921719789505,0.34628378378378377,0.7408536585365854,0.5629754662513733,0.30574324324324326,0.9176829268292683,0.37088337540626526,0.5253378378378378,0.5060975609756098,0.4618382155895233,0.5625,0.7378048780487805,0.6252630949020386,0.5861486486486487,0.948170731707317,0.30779603123664856,0.3935810810810811,0.8841463414634146,0.09102946519851685,0,0,0,0,0,0,0.0,0.0,0.0,0,0,0,0,0,0,0.4172297297297297,0.3048780487804878,0.7731466889381409,0.44763513513513514,0.3079268292682927,0.8625307083129883,0.40540540540540543,0.32621951219512196,0.4482195973396301,0.4831081081081081,0.34146341463414637,0.7275855541229248,0,0,0
0.42905405405405406,0.32926829268292684,0.7705746293067932,0.4510135135135135,0.5182926829268293,0.525371253490448,0.3733108108108108,0.5182926829268293,0.4985812306404114,0.34628378378378377,0.7378048780487805,0.5709632635116577,0.30405405405405406,0.9146341463414634,0.2965582311153412,0.527027027027027,0.5060975609756098,0.46882086992263794,0.5574324324324325,0.7378048780487805,0.5543855428695679,0.5844594594594594,0.9237804878048781,0.10509100556373596,0.3902027027027027,0.8963414634146342,0.09759721159934998,0,0,0,0,0,0,0.0,0.0,0.0,0,0,0,0,0,0,0.4189189189189189,0.3079268292682927,0.8145244121551514,0.44932432432432434,0.3079268292682927,0.8598824739456177,0.40709459459459457,0.32621951219512196,0.4627605974674225,0.4847972972972973,0.34146341463414637,0.7513136267662048,0,0,0
0.42905405405405406,0.32926829268292684,0.7732425928115845,0.4527027027027027,0.5182926829268293,0.4892463982105255,0.3733108108108108,0.5182926829268293,0.507729172706604,0.34628378378378377,0.7378048780487805,0.5746710896492004,0.30405405405405406,0.9176829268292683,0.35522937774658203,0.527027027027027,0.5060975609756098,0.47204363346099854,0.5591216216216216,0.7378048780487805,0.5587347745895386,0.5844594594594594,0.9237804878048781,0.1072167158126831,0.3902027027027027,0.8963414634146342,0.10441789776086807,0,0,0,0,0,0,0.0,0.0,0.0,0,0,0,0,0,0,0.4189189189189189,0.3079268292682927,0.8143110871315002,0.44932432432432434,0.3079268292682927,0.8624461889266968,0.40709459459459457,0.32621951219512196,0.4549819231033325,0.4847972972972973,0.34146341463414637,0.749739408493042,0,0,0
0.43074324324324326,0.32926829268292684,0.7420231699943542,0.4527027027027027,0.5121951219512195,0.48555806279182434,0.3783783783783784,0.5121951219512195,0.4106822609901428,0.34628378378378377,0.7317073170731707,0.47660550475120544,0.30067567567567566,0.9176829268292683,0.46114015579223633,0.5287162162162162,0.5091463414634146,0.49014076590538025,0.5557432432432432,0.7347560975609756,0.5443474650382996,0.5945945945945946,0.9512195121951219,0.1425957977771759,0.0,0.0,0.0,0,0,0,0,0,0,0.0,0.0,0.0,0,0,0,0,0,0,0.4206081081081081,0.3079268292682927,0.840088427066803,0.44932432432432434,0.3079268292682927,0.8445736169815063,0.0,0.0,0.0,0.4864864864864865,0.34146341463414637,0.6798327565193176,0,0,0
0.43074324324324326,0.32926829268292684,0.7432866096496582,0.4510135135135135,0.5121951219512195,0.48650020360946655,0.3783783783783784,0.5121951219512195,0.40616852045059204,0.34797297297297297,0.7286585365853658,0.427878737449646,0.30067567567567566,0.9176829268292683,0.3688870072364807,0.527027027027027,0.5091463414634146,0.48508331179618835,0.5557432432432432,0.7347560975609756,0.5809203386306763,0.5912162162162162,0.9390243902439024,0.11708177626132965,0.0,0.0,0.0,0,0,0,0,0,0,0.0,0.0,0.0,0,0,0,0,0,0,0.4206081081081081,0.3079268292682927,0.8392795324325562,0.44932432432432434,0.3079268292682927,0.8447495102882385,0.0,0.0,0.0,0.4847972972972973,0.34146341463414637,0.6798062920570374,0,0,0
0.43074324324324326,0.32926829268292684,0.723818302154541,0.4510135135135135,0.5121951219512195,0.5187276601791382,0.3783783783783784,0.5121951219512195,0.43038031458854675,0.34797297297297297,0.7225609756097561,0.5253162384033203,0.2956081081081081,0.9176829268292683,0.4019787609577179,0.527027027027027,0.5060975609756098,0.498147577047348,0.5574324324324325,0.7347560975609756,0.37277522683143616,0.0,0.0,0.0,0.3918918918918919,0.8810975609756098,0.07404561340808868,0,0,0,0,0,0,0.0,0.0,0.0,0,0,0,0,0,0,0.4222972972972973,0.3048780487804878,0.8373181819915771,0.4510135135135135,0.3079268292682927,0.7836008667945862,0.0,0.0,0.0,0.4864864864864865,0.34146341463414637,0.7154853940010071,0,0,0
0.43074324324324326,0.32621951219512196,0.722228467464447,0.4510135135135135,0.5121951219512195,0.5250065326690674,0.3766891891891892,0.5121951219512195,0.42931032180786133,0.34628378378378377,0.725609756097561,0.5307534337043762,0.2956081081081081,0.9176829268292683,0.424160361289978,0.527027027027027,0.5060975609756098,0.5022680163383484,0.5574324324324325,0.7347560975609756,0.3753904402256012,0.0,0.0,0.0,0.3918918918918919,0.8780487804878049,0.07280369102954865,0,0,0,0,0,0,0.0,0.0,0.0,0,0,0,0,0,0,0.4222972972972973,0.3048780487804878,0.8380436301231384,0.4510135135135135,0.3079268292682927,0.7873984575271606,0.0,0.0,0.0,0.4864864864864865,0.34146341463414637,0.720872700214386,0,0,0
0.43074324324324326,0.32621951219512196,0.7085374593734741,0.4510135135135135,0.5060975609756098,0.5453651547431946,0.38344594594594594,0.5060975609756098,0.44473955035209656,0.34290540540540543,0.725609756097561,0.4874116778373718,0.2905405405405405,0.899390243902439,0.29169976711273193,0.527027027027027,0.5060975609756098,0.4751712679862976,0.5574324324324325,0.7073170731707317,0.09581353515386581,0.6114864864864865,0.9329268292682927,0.18921342492103577,0.0,0.0,0.0,0,0,0,0,0,0,0.0,0.0,0.0,0,0,0,0,0,0,0.4222972972972973,0.3048780487804878,0.8289365768432617,0.4527027027027027,0.3079268292682927,0.7760204076766968,0.0,0.0,0.0,0.48817567567567566,0.3384146341463415,0.7476970553398132,0,0,0
0.43074324324324326,0.32621951219512196,0.7089682817459106,0.4510135135135135,0.5091463414634146,0.5393982529640198,0.38175675675675674,0.5091463414634146,0.4506317973136902,0.34290540540540543,0.725609756097561,0.45360445976257324,0.28885135135135137,0.9024390243902439,0.3499874174594879,0.527027027027027,0.5060975609756098,0.47546398639678955,0.5574324324324325,0.7073170731707317,0.1045621857047081,0.606418918918919,0.9207317073170732,0.17402851581573486,0.0,0.0,0.0,0,0,0,0,0,0,0.0,0.0,0.0,0,0,0,0,0,0,0.4222972972972973,0.3048780487804878,0.8282417058944702,0.4527027027027027,0.3079268292682927,0.7755939364433289,0.0,0.0,0.0,0.48817567567567566,0.3384146341463415,0.7487679123878479,0,0,0
0.43243243243243246,0.32621951219512196,0.7017574310302734,0.4527027027027027,0.5121951219512195,0.46668243408203125,0.38175675675675674,0.5152439024390244,0.4576694369316101,0.3277027027027027,0.7408536585365854,0.3294326364994049,0.28378378378378377,0.8628048780487805,0.2112521380186081,0.5236486486486487,0.5030487804878049,0.45896103978157043,0.0,0.0,0.0,0.0,0.0,0.0,0.0,0.0,0.0,0,0,0,0,0,0,0.0,0.0,0.0,0,0,0,0,0,0,0.4222972972972973,0.3048780487804878,0.8244092464447021,0.4527027027027027,0.3048780487804878,0.7768572568893433,0.0,0.0,0.0,0.48817567567567566,0.3384146341463415,0.7568450570106506,0,0,0
0.43243243243243246,0.32621951219512196,0.7057604193687439,0.4527027027027027,0.5121951219512195,0.4539657533168793,0.38175675675675674,0.5182926829268293,0.4505234658718109,0.3293918918918919,0.7378048780487805,0.35895928740501404,0.28209459459459457,0.8689024390243902,0.2712506949901581,0.5236486486486487,0.5030487804878049,0.45731112360954285,0.5608108108108109,0.7317073170731707,0.11780888587236404,0.0,0.0,0.0,0.0,0.0,0.0,0,0,0,0,0,0,0.0,0.0,0.0,0,0,0,0,0,0,0.4222972972972973,0.3048780487804878,0.8320969939231873,0.4527027027027027,0.3048780487804878,0.7722878456115723,0.0,0.0,0.0,0.48817567567567566,0.3384146341463415,0.7591795921325684,0,0,0
0.43243243243243246,0.32621951219512196,0.7231258749961853,0.44932432432432434,0.5121951219512195,0.5480139255523682,0.38175675675675674,0.5213414634146342,0.4745175540447235,0.31756756756756754,0.7225609756097561,0.26367461681365967,0.0,0.0,0.0,0.5253378378378378,0.5060975609756098,0.46656399965286255,0.0,0.0,0.0,0.0,0.0,0.0,0.0,0.0,0.0,0,0,0,0,0,0,0.0,0.0,0.0,0,0,0,0,0,0,0.4222972972972973,0.3048780487804878,0.8248202800750732,0.4527027027027027,0.3048780487804878,0.7811443209648132,0.0,0.0,0.0,0.48817567567567566,0.3384146341463415,0.7401845455169678,0,0,0
0.43243243243243246,0.32621951219512196,0.7220895290374756,0.44932432432432434,0.5121951219512195,0.5438143014907837,0.38344594594594594,0.5213414634146342,0.45221295952796936,0.31756756756756754,0.7225609756097561,0.2766638696193695,0.0,0.0,0.0,0.5253378378378378,0.5060975609756098,0.4527028501033783,0.0,0.0,0.0,0.0,0.0,0.0,0.0,0.0,0.0,0,0,0,0,0,0,0.0,0.0,0.0,0,0,0,0,0,0,0.4222972972972973,0.3048780487804878,0.8253555297851562,0.4527027027027027,0.3048780487804878,0.7850438356399536,0.0,0.0,0.0,0.48817567567567566,0.3384146341463415,0.7491047382354736,0,0,0
0.43243243243243246,0.32621951219512196,0.7263990640640259,0.4543918918918919,0.5152439024390244,0.5327377915382385,0.38344594594594594,0.5213414634146342,0.44510623812675476,0.3344594594594595,0.6554878048780488,0.2434711903333664,0.30236486486486486,0.7134146341463414,0.2947606146335602,0.5287162162162162,0.5060975609756098,0.5197036266326904,0.0,0.0,0.0,0.0,0.0,0.0,0.0,0.0,0.0,0,0,0,0,0,0,0.0,0.0,0.0,0,0,0,0,0,0,0.4222972972972973,0.3048780487804878,0.8080819249153137,0.4527027027027027,0.3048780487804878,0.7848767638206482,0.0,0.0,0.0,0.48817567567567566,0.34146341463414637,0.7271876931190491,0,0,0
0.43243243243243246,0.32621951219512196,0.7259780168533325,0.4543918918918919,0.5152439024390244,0.5367959141731262,0.38344594594594594,0.524390243902439,0.44951412081718445,0.3344594594594595,0.6554878048780488,0.2401074320077896,0.30236486486486486,0.7134146341463414,0.3423604965209961,0.5287162162162162,0.5060975609756098,0.5107464790344238,0.0,0.0,0.0,0.0,0.0,0.0,0.0,0.0,0.0,0,0,0,0,0,0,0.0,0.0,0.0,0,0,0,0,0,0,0.4222972972972973,0.3048780487804878,0.8060685396194458,0.4527027027027027,0.3048780487804878,0.7782467007637024,0.0,0.0,0.0,0.48817567567567566,0.34146341463414637,0.7246055603027344,0,0,0
0.43243243243243246,0.32621951219512196,0.7380865812301636,0.4527027027027027,0.5121951219512195,0.5163634419441223,0.38344594594594594,0.5213414634146342,0.3419705033302307,0.32263513513513514,0.6554878048780488,0.14564889669418335,0.28716216216216217,0.7042682926829268,0.1686832159757614,0.527027027027027,0.5030487804878049,0.5131897330284119,0.5777027027027027,0.6615853658536586,0.08751846849918365,0.0,0.0,0.0,0.0,0.0,0.0,0,0,0,0,0,0,0.0,0.0,0.0,0,0,0,0,0,0,0.4222972972972973,0.3048780487804878,0.8068544268608093,0.4527027027027027,0.3079268292682927,0.8000732660293579,0.0,0.0,0.0,0.48817567567567566,0.34146341463414637,0.7405217885971069,0,0,0
0.43243243243243246,0.32621951219512196,0.7364211082458496,0.4527027027027027,0.5152439024390244,0.5102490782737732,0.38344594594594594,0.524390243902439,0.3180571496486664,0.32263513513513514,0.6554878048780488,0.13214436173439026,0.28378378378378377,0.7073170731707317,0.12273591756820679,0.5287162162162162,0.5030487804878049,0.5189359784126282,0.0,0.0,0.0,0.0,0.0,0.0,0.0,0.0,0.0,0,0,0,0,0,0,0.0,0.0,0.0,0,0,0,0,0,0,0.4222972972972973,0.3048780487804878,0.8066844940185547,0.4527027027027027,0.3079268292682927,0.8019448518753052,0.0,0.0,0.0,0.48817567567567566,0.34146341463414637,0.7398585677146912,0,0,0
0.43243243243243246,0.32621951219512196,0.7258392572402954,0.4543918918918919,0.5060975609756098,0.5556427240371704,0.38682432432432434,0.5121951219512195,0.24411305785179138,0.32094594594594594,0.6371951219512195,0.40505996346473694,0.23648648648648649,0.75,0.1965770721435547,0.5287162162162162,0.5030487804878049,0.5373629331588745,0.0,0.0,0.0,0.0,0.0,0.0,0.0,0.0,0.0,0,0,0,0,0,0,0.0,0.0,0.0,0,0,0,0,0,0,0.4222972972972973,0.3048780487804878,0.8013514280319214,0.4527027027027027,0.3048780487804878,0.7955132126808167,0.0,0.0,0.0,0.48817567567567566,0.34146341463414637,0.774732232093811,0,0,0
0.43243243243243246,0.32621951219512196,0.7284741401672363,0.4560810810810811,0.5091463414634146,0.5482664108276367,0.3902027027027027,0.5121951219512195,0.29012957215309143,0.32094594594594594,0.6341463414634146,0.4246816337108612,0.23648648648648649,0.75,0.25992345809936523,0.5287162162162162,0.5030487804878049,0.5317217111587524,0.0,0.0,0.0,0.0,0.0,0.0,0.0,0.0,0.0,0,0,0,0,0,0,0.0,0.0,0.0,0,0,0,0,0,0,0.4222972972972973,0.3048780487804878,0.8032929301261902,0.4527027027027027,0.3048780487804878,0.79471355676651,0.0,0.0,0.0,0.48817567567567566,0.34146341463414637,0.7719515562057495,0,0,0
0.43074324324324326,0.32621951219512196,0.7307307124137878,0.4577702702702703,0.5121951219512195,0.49667295813560486,0.38682432432432434,0.5152439024390244,0.27416670322418213,0.31756756756756754,0.6280487804878049,0.2928582429885864,0.23648648648648649,0.7012195121951219,0.27417290210723877,0.5304054054054054,0.5,0.5283973217010498,0.0,0.0,0.0,0.0,0.0,0.0,0.0,0.0,0.0,0,0,0,0,0,0,0.0,0.0,0.0,0,0,0,0,0,0,0.4222972972972973,0.3048780487804878,0.8234372735023499,0.4527027027027027,0.3048780487804878,0.7714012861251831,0.0,0.0,0.0,0.4864864864864865,0.3445121951219512,0.7829177379608154,0,0,0
0.43074324324324326,0.32621951219512196,0.735606849193573,0.4577702702702703,0.5152439024390244,0.4933355152606964,0.38513513513513514,0.5152439024390244,0.23213285207748413,0.32094594594594594,0.625,0.3055208623409271,0.23479729729729729,0.7012195121951219,0.19987422227859497,0.5304054054054054,0.5,0.5203551054000854,0.0,0.0,0.0,0.0,0.0,0.0,0.0,0.0,0.0,0,0,0,0,0,0,0.0,0.0,0.0,0,0,0,0,0,0,0.4222972972972973,0.3048780487804878,0.8214563131332397,0.4527027027027027,0.3048780487804878,0.7781345248222351,0.0,0.0,0.0,0.4864864864864865,0.3445121951219512,0.7815908789634705,0,0,0
0.43074324324324326,0.32621951219512196,0.7800397276878357,0.4577702702702703,0.5091463414634146,0.45149609446525574,0.3902027027027027,0.5091463414634146,0.21195240318775177,0.3260135135135135,0.6097560975609756,0.2397334724664688,0.28716216216216217,0.6463414634146342,0.15556031465530396,0.5304054054054054,0.4969512195121951,0.5410629510879517,0.0,0.0,0.0,0.0,0.0,0.0,0.0,0.0,0.0,0,0,0,0,0,0,0.0,0.0,0.0,0,0,0,0,0,0,0.4222972972972973,0.3048780487804878,0.799327552318573,0.4527027027027027,0.3048780487804878,0.7588877081871033,0.0,0.0,0.0,0.4864864864864865,0.3445121951219512,0.7641032338142395,0,0,0
0.43074324324324326,0.32621951219512196,0.7811002135276794,0.4577702702702703,0.5091463414634146,0.4768865406513214,0.3918918918918919,0.5091463414634146,0.22461926937103271,0.3293918918918919,0.6067073170731707,0.2613290846347809,0.28885135135135137,0.6463414634146342,0.18398825824260712,0.5304054054054054,0.4969512195121951,0.5326815843582153,0.0,0.0,0.0,0.0,0.0,0.0,0.0,0.0,0.0,0,0,0,0,0,0,0.0,0.0,0.0,0,0,0,0,0,0,0.4222972972972973,0.3048780487804878,0.801016092300415,0.4527027027027027,0.3048780487804878,0.7516381740570068,0.0,0.0,0.0,0.4864864864864865,0.34146341463414637,0.7495890259742737,0,0,0
0.42905405405405406,0.32621951219512196,0.8134264349937439,0.4560810810810811,0.5091463414634146,0.4971027374267578,0.38682432432432434,0.5091463414634146,0.20560289919376373,0.3327702702702703,0.600609756097561,0.08198387175798416,0.0,0.0,0.0,0.5320945945945946,0.4969512195121951,0.4798334240913391,0.0,0.0,0.0,0.0,0.0,0.0,0.0,0.0,0.0,0,0,0,0,0,0,0.0,0.0,0.0,0,0,0,0,0,0,0.4222972972972973,0.3048780487804878,0.8265285491943359,0.4510135135135135,0.3048780487804878,0.8067252039909363,0.0,0.0,0.0,0.4864864864864865,0.34146341463414637,0.724500834941864,0,0,0
0.42905405405405406,0.32621951219512196,0.8152192234992981,0.4560810810810811,0.5091463414634146,0.4861636757850647,0.38513513513513514,0.5121951219512195,0.22561796009540558,0.3293918918918919,0.6067073170731707,0.07930553704500198,0.0,0.0,0.0,0.5320945945945946,0.4969512195121951,0.46839019656181335,0.0,0.0,0.0,0.0,0.0,0.0,0.0,0.0,0.0,0,0,0,0,0,0,0.0,0.0,0.0,0,0,0,0,0,0,0.4222972972972973,0.3048780487804878,0.8267168402671814,0.4510135135135135,0.3048780487804878,0.8066269159317017,0.0,0.0,0.0,0.4864864864864865,0.34146341463414637,0.7254414558410645,0,0,0
0.42905405405405406,0.32621951219512196,0.8179159164428711,0.4543918918918919,0.5091463414634146,0.4781527817249298,0.3733108108108108,0.5335365853658537,0.2652526795864105,0.2905405405405405,0.6189024390243902,0.467338502407074,0.0,0.0,0.0,0.5320945945945946,0.4969512195121951,0.5046472549438477,0.0,0.0,0.0,0.0,0.0,0.0,0.0,0.0,0.0,0,0,0,0,0,0,0.0,0.0,0.0,0,0,0,0,0,0,0.4222972972972973,0.3048780487804878,0.8317721486091614,0.4510135135135135,0.3048780487804878,0.8086452484130859,0.0,0.0,0.0,0.4864864864864865,0.3445121951219512,0.7711169719696045,0,0,0
0.42905405405405406,0.32621951219512196,0.8192809820175171,0.4560810810810811,0.5091463414634146,0.49506670236587524,0.375,0.5274390243902439,0.26826030015945435,0.2905405405405405,0.6189024390243902,0.520376980304718,0.0,0.0,0.0,0.5304054054054054,0.4969512195121951,0.5182204842567444,0.0,0.0,0.0,0.0,0.0,0.0,0.0,0.0,0.0,0,0,0,0,0,0,0.0,0.0,0.0,0,0,0,0,0,0,0.4222972972972973,0.3048780487804878,0.8293982744216919,0.4510135135135135,0.3048780487804878,0.8081037402153015,0.0,0.0,0.0,0.4864864864864865,0.3445121951219512,0.7701517939567566,0,0,0
0.42905405405405406,0.32621951219512196,0.8237935304641724,0.4543918918918919,0.5121951219512195,0.46835899353027344,0.36993243243243246,0.5335365853658537,0.37322595715522766,0.28885135135135137,0.600609756097561,0.6266214847564697,0.19256756756756757,0.5487804878048781,0.5697125792503357,0.5320945945945946,0.49390243902439024,0.5008976459503174,0.0,0.0,0.0,0.0,0.0,0.0,0.0,0.0,0.0,0,0,0,0,0,0,0.0,0.0,0.0,0,0,0,0,0,0,0.4222972972972973,0.3048780487804878,0.8366114497184753,0.44932432432432434,0.3048780487804878,0.8376573324203491,0.0,0.0,0.0,0.4847972972972973,0.3445121951219512,0.7650291323661804,0,0,0
0.42905405405405406,0.32621951219512196,0.8258976936340332,0.4543918918918919,0.5121951219512195,0.4863215982913971,0.36993243243243246,0.5335365853658537,0.3872995972633362,0.28885135135135137,0.600609756097561,0.5881157517433167,0.19425675675675674,0.5487804878048781,0.5812467336654663,0.5320945945945946,0.49390243902439024,0.5085647702217102,0.0,0.0,0.0,0.0,0.0,0.0,0.0,0.0,0.0,0,0,0,0,0,0,0.0,0.0,0.0,0,0,0,0,0,0,0.4222972972972973,0.3048780487804878,0.8347487449645996,0.44932432432432434,0.3048780487804878,0.8399354815483093,0.0,0.0,0.0,0.4847972972972973,0.3445121951219512,0.7683382630348206,0,0,0
0.42905405405405406,0.3231707317073171,0.8309007883071899,0.4543918918918919,0.5091463414634146,0.46749815344810486,0.375,0.5213414634146342,0.3104880154132843,0.2905405405405405,0.5853658536585366,0.36940380930900574,0.19594594594594594,0.5091463414634146,0.1568179577589035,0.5337837837837838,0.49390243902439024,0.5211752653121948,0.0,0.0,0.0,0.0,0.0,0.0,0.0,0.0,0.0,0,0,0,0,0,0,0.0,0.0,0.0,0,0,0,0,0,0,0.4222972972972973,0.3048780487804878,0.8448359370231628,0.44932432432432434,0.3079268292682927,0.8462380766868591,0.0,0.0,0.0,0.4847972972972973,0.3445121951219512,0.7842826843261719,0,0,0
0.42905405405405406,0.32621951219512196,0.8335722088813782,0.4560810810810811,0.5091463414634146,0.4705248475074768,0.3783783783783784,0.5182926829268293,0.29620933532714844,0.2905405405405405,0.5853658536585366,0.35989487171173096,0.19763513513513514,0.5091463414634146,0.268892377614975,0.5337837837837838,0.49390243902439024,0.5231011509895325,0.0,0.0,0.0,0.0,0.0,0.0,0.0,0.0,0.0,0,0,0,0,0,0,0.0,0.0,0.0,0,0,0,0,0,0,0.4222972972972973,0.3048780487804878,0.8461964726448059,0.44932432432432434,0.3079268292682927,0.8455122113227844,0.0,0.0,0.0,0.4847972972972973,0.3445121951219512,0.7827405333518982,0,0,0
0.42905405405405406,0.32621951219512196,0.8310877680778503,0.4577702702702703,0.5091463414634146,0.4590100944042206,0.36993243243243246,0.5304878048780488,0.3328057527542114,0.2922297297297297,0.5701219512195121,0.31733202934265137,0.19087837837837837,0.4634146341463415,0.12707369029521942,0.5337837837837838,0.49390243902439024,0.4953145384788513,0.6030405405405406,0.5640243902439024,0.09084488451480865,0.0,0.0,0.0,0.0,0.0,0.0,0,0,0,0,0,0,0.0,0.0,0.0,0,0,0,0,0,0,0.4222972972972973,0.3079268292682927,0.8518051505088806,0.44932432432432434,0.3079268292682927,0.8467876315116882,0.0,0.0,0.0,0.4847972972972973,0.3445121951219512,0.7876067161560059,0,0,0
0.42905405405405406,0.32621951219512196,0.8318418860435486,0.4577702702702703,0.5121951219512195,0.47312355041503906,0.36655405405405406,0.5365853658536586,0.3406639099121094,0.28885135135135137,0.5701219512195121,0.3209446966648102,0.19087837837837837,0.4603658536585366,0.12136086076498032,0.5337837837837838,0.49390243902439024,0.4819611608982086,0.6030405405405406,0.5640243902439024,0.08873347193002701,0.0,0.0,0.0,0.0,0.0,0.0,0,0,0,0,0,0,0.0,0.0,0.0,0,0,0,0,0,0,0.4222972972972973,0.3079268292682927,0.8527909517288208,0.44932432432432434,0.3079268292682927,0.8472611308097839,0.0,0.0,0.0,0.4847972972972973,0.3445121951219512,0.7888330817222595,0,0,0
0.42905405405405406,0.32621951219512196,0.8369544744491577,0.46283783783783783,0.5060975609756098,0.5001454949378967,0.38006756756756754,0.5152439024390244,0.37218329310417175,0.28378378378378377,0.5579268292682927,0.421465665102005,0.19932432432432431,0.4329268292682927,0.19790305197238922,0.5388513513513513,0.49390243902439024,0.4002329707145691,0.0,0.0,0.0,0.0,0.0,0.0,0.0,0.0,0.0,0,0,0,0,0,0,0.0,0.0,0.0,0,0,0,0,0,0,0.4222972972972973,0.3079268292682927,0.859885036945343,0.44932432432432434,0.3079268292682927,0.8464401364326477,0.0,0.0,0.0,0.4847972972972973,0.3445121951219512,0.7822076082229614,0,0,0
0.42905405405405406,0.32621951219512196,0.8372378349304199,0.46114864864864863,0.5060975609756098,0.5065131187438965,0.3783783783783784,0.5182926829268293,0.36739009618759155,0.28547297297297297,0.5579268292682927,0.443928599357605,0.19763513513513514,0.4329268292682927,0.2019902765750885,0.5388513513513513,0.49390243902439024,0.39755189418792725,0.0,0.0,0.0,0.0,0.0,0.0,0.0,0.0,0.0,0,0,0,0,0,0,0.0,0.0,0.0,0,0,0,0,0,0,0.4222972972972973,0.3079268292682927,0.8591538071632385,0.44932432432432434,0.3079268292682927,0.8447798490524292,0.0,0.0,0.0,0.4847972972972973,0.3445121951219512,0.7820344567298889,0,0,0
0.42905405405405406,0.32621951219512196,0.8353633880615234,0.4594594594594595,0.5091463414634146,0.4176669716835022,0.36824324324324326,0.524390243902439,0.40364325046539307,0.28378378378378377,0.5396341463414634,0.3178713321685791,0.20945945945945946,0.38414634146341464,0.15164291858673096,0.5456081081081081,0.5,0.33022549748420715,0.0,0.0,0.0,0.0,0.0,0.0,0.0,0.0,0.0,0,0,0,0,0,0,0.0,0.0,0.0,0,0,0,0,0,0,0.4222972972972973,0.3079268292682927,0.8539005517959595,0.44932432432432434,0.3079268292682927,0.8569761514663696,0.0,0.0,0.0,0.4847972972972973,0.3445121951219512,0.787024199962616,0,0,0
0.42905405405405406,0.32621951219512196,0.8322350978851318,0.4594594594594595,0.5091463414634146,0.4139038622379303,0.375,0.5182926829268293,0.424708753824234,0.28547297297297297,0.5426829268292683,0.3160610496997833,0.20945945945945946,0.38414634146341464,0.14606304466724396,0.543918918918919,0.4969512195121951,0.3379395604133606,0.0,0.0,0.0,0.0,0.0,0.0,0.0,0.0,0.0,0,0,0,0,0,0,0.0,0.0,0.0,0,0,0,0,0,0,0.4222972972972973,0.3079268292682927,0.8538521528244019,0.44932432432432434,0.3079268292682927,0.8560526967048645,0.0,0.0,0.0,0.4847972972972973,0.3445121951219512,0.7887619733810425,0,0,0
0.42905405405405406,0.32621951219512196,0.8310523629188538,0.4560810810810811,0.5060975609756098,0.4094482362270355,0.3716216216216216,0.5121951219512195,0.3923540413379669,0.28209459459459457,0.5182926829268293,0.2467956244945526,0.0,0.0,0.0,0.5422297297297297,0.49085365853658536,0.3527204096317291,0.0,0.0,0.0,0.0,0.0,0.0,0.0,0.0,0.0,0,0,0,0,0,0,0.0,0.0,0.0,0,0,0,0,0,0,0.4222972972972973,0.3079268292682927,0.855764627456665,0.44932432432432434,0.3079268292682927,0.8515876531600952,0.0,0.0,0.0,0.4847972972972973,0.3445121951219512,0.7718404531478882,0,0,0
0.42905405405405406,0.32621951219512196,0.8293169736862183,0.4560810810810811,0.5030487804878049,0.378108948469162,0.36993243243243246,0.5121951219512195,0.38229772448539734,0.28209459459459457,0.5182926829268293,0.250625342130661,0.0,0.0,0.0,0.543918918918919,0.49390243902439024,0.35738107562065125,0.0,0.0,0.0,0.0,0.0,0.0,0.0,0.0,0.0,0,0,0,0,0,0,0.0,0.0,0.0,0,0,0,0,0,0,0.4222972972972973,0.3079268292682927,0.8539109230041504,0.44932432432432434,0.3079268292682927,0.8534331321716309,0.0,0.0,0.0,0.4847972972972973,0.3445121951219512,0.77445387840271,0,0,0
0.43074324324324326,0.3231707317073171,0.8183417320251465,0.4543918918918919,0.4969512195121951,0.4031609296798706,0.36993243243243246,0.5030487804878049,0.45307502150535583,0.28716216216216217,0.5,0.19481609761714935,0.23479729729729729,0.3201219512195122,0.5598023533821106,0.543918918918919,0.4817073170731707,0.3487448990345001,0.0,0.0,0.0,0.0,0.0,0.0,0.0,0.0,0.0,0,0,0,0,0,0,0.0,0.0,0.0,0,0,0,0,0,0,0.4222972972972973,0.3048780487804878,0.8366312980651855,0.4510135135135135,0.3079268292682927,0.799910306930542,0.0,0.0,0.0,0.4847972972972973,0.3445121951219512,0.7650660872459412,0,0,0
0.43074324324324326,0.3231707317073171,0.820372462272644,0.4543918918918919,0.5,0.4005562365055084,0.36993243243243246,0.5030487804878049,0.46281883120536804,0.28716216216216217,0.5,0.19235694408416748,0.23479729729729729,0.3231707317073171,0.6455463171005249,0.5422297297297297,0.4847560975609756,0.3228711485862732,0.0,0.0,0.0,0.0,0.0,0.0,0.0,0.0,0.0,0,0,0,0,0,0,0.0,0.0,0.0,0,0,0,0,0,0,0.4222972972972973,0.3048780487804878,0.8371745944023132,0.4510135135135135,0.3079268292682927,0.8025649785995483,0.0,0.0,0.0,0.4847972972972973,0.3445121951219512,0.7644864916801453,0,0,0
0.43074324324324326,0.32621951219512196,0.7809709310531616,0.4543918918918919,0.5,0.38599875569343567,0.375,0.5060975609756098,0.4018388092517853,0.28209459459459457,0.4695121951219512,0.23957285284996033,0.2516891891891892,0.29573170731707316,0.36717450618743896,0.5337837837837838,0.47560975609756095,0.2717735171318054,0.6317567567567568,0.4268292682926829,0.15087422728538513,0.0,0.0,0.0,0.0,0.0,0.0,0,0,0,0,0,0,0.0,0.0,0.0,0,0,0,0,0,0,0.4239864864864865,0.3048780487804878,0.8141412734985352,0.4510135135135135,0.3079268292682927,0.796441912651062,0.0,0.0,0.0,0.4864864864864865,0.3445121951219512,0.7805426120758057,0,0,0
0.43074324324324326,0.32621951219512196,0.7791595458984375,0.4527027027027027,0.5,0.3863617479801178,0.3733108108108108,0.5030487804878049,0.4251467287540436,0.28209459459459457,0.4695121951219512,0.22697226703166962,0.2533783783783784,0.2926829268292683,0.17531296610832214,0.5320945945945946,0.47865853658536583,0.2811533212661743,0.6317567567567568,0.4268292682926829,0.1261836439371109,0.0,0.0,0.0,0.0,0.0,0.0,0,0,0,0,0,0,0.518581081081081,0.8201219512195121,0.09014660865068436,0,0,0,0,0,0,0.4239864864864865,0.3048780487804878,0.8120597004890442,0.4510135135135135,0.3079268292682927,0.7937063574790955,0.0,0.0,0.0,0.4864864864864865,0.3445121951219512,0.7826314568519592,0,0,0
0.43074324324324326,0.32621951219512196,0.7513263821601868,0.4543918918918919,0.4969512195121951,0.4333997666835785,0.3716216216216216,0.5030487804878049,0.43161702156066895,0.28040540540540543,0.45426829268292684,0.5484318733215332,0.2702702702702703,0.2896341463414634,0.4852635860443115,0.5371621621621622,0.4725609756097561,0.3010255694389343,0.0,0.0,0.0,0.0,0.0,0.0,0.0,0.0,0.0,0,0,0,0,0,0,0.0,0.0,0.0,0,0,0,0,0,0,0.4239864864864865,0.3048780487804878,0.7948973178863525,0.4510135135135135,0.3048780487804878,0.7678251266479492,0.0,0.0,0.0,0.4864864864864865,0.3445121951219512,0.7756575345993042,0,0,0
0.43074324324324326,0.32621951219512196,0.7534509301185608,0.4543918918918919,0.49390243902439024,0.4535611867904663,0.3716216216216216,0.5030487804878049,0.44507455825805664,0.28040540540540543,0.45426829268292684,0.5568084120750427,0.2702702702702703,0.2926829268292683,0.5094690918922424,0.5371621621621622,0.4725609756097561,0.32868528366088867,0.0,0.0,0.0,0.0,0.0,0.0,0.0,0.0,0.0,0,0,0,0,0,0,0.0,0.0,0.0,0,0,0,0,0,0,0.4239864864864865,0.3048780487804878,0.8064968585968018,0.4510135135135135,0.3048780487804878,0.7686361074447632,0.0,0.0,0.0,0.4864864864864865,0.3445121951219512,0.7739754319190979,0,0,0
0.43074324324324326,0.32621951219512196,0.7471084594726562,0.44932432432432434,0.4969512195121951,0.42583322525024414,0.3733108108108108,0.5,0.4018959403038025,0.28378378378378377,0.4481707317073171,0.5514265298843384,0.28040540540540543,0.29878048780487804,0.2742740511894226,0.5337837837837838,0.4847560975609756,0.24868494272232056,0.6283783783783784,0.3932926829268293,0.2598576843738556,0.6131756756756757,0.2896341463414634,0.12112316489219666,0.0,0.0,0.0,0,0,0,0,0,0,0.0,0.0,0.0,0,0,0,0,0,0,0.4239864864864865,0.3048780487804878,0.7612777948379517,0.4527027027027027,0.3048780487804878,0.7650043964385986,0.0,0.0,0.0,0.48817567567567566,0.3445121951219512,0.8098470568656921,0,0,0
0.43074324324324326,0.32621951219512196,0.7517090439796448,0.44932432432432434,0.4969512195121951,0.4306792616844177,0.375,0.4969512195121951,0.41849932074546814,0.28378378378378377,0.4481707317073171,0.5498654246330261,0.28040540540540543,0.29573170731707316,0.2978345453739166,0.5337837837837838,0.4878048780487805,0.22364313900470734,0.6283783783783784,0.3932926829268293,0.3061644732952118,0.6131756756756757,0.2865853658536585,0.14698882400989532,0.0,0.0,0.0,0,0,0,0,0,0,0.0,0.0,0.0,0,0,0,0,0,0,0.4239864864864865,0.3048780487804878,0.7610929012298584,0.4527027027027027,0.3048780487804878,0.7696002721786499,0.0,0.0,0.0,0.48817567567567566,0.3445121951219512,0.8194486498832703,0,0,0
0.43243243243243246,0.3231707317073171,0.7642598748207092,0.4527027027027027,0.4878048780487805,0.4010559916496277,0.375,0.4878048780487805,0.38760650157928467,0.28209459459459457,0.45121951219512196,0.5839513540267944,0.2922297297297297,0.29878048780487804,0.36144399642944336,0.5472972972972973,0.4695121951219512,0.23036296665668488,0.625,0.3932926829268293,0.4018786549568176,0.5641891891891891,0.19207317073170732,0.09421598166227341,0.0,0.0,0.0,0,0,0,0,0,0,0.0,0.0,0.0,0,0,0,0,0,0,0.42567567567567566,0.3048780487804878,0.7227610349655151,0.4527027027027027,0.3048780487804878,0.8053324222564697,0.0,0.0,0.0,0.48817567567567566,0.3445121951219512,0.8240777850151062,0,0,0
0.43243243243243246,0.3231707317073171,0.764899492263794,0.4510135135135135,0.4878048780487805,0.38737839460372925,0.375,0.4878048780487805,0.40331751108169556,0.28209459459459457,0.45121951219512196,0.5934096574783325,0.2922297297297297,0.3018292682926829,0.26986852288246155,0.5523648648648649,0.4725609756097561,0.23166067898273468,0.625,0.3932926829268293,0.4632818102836609,0.0,0.0,0.0,0.0,0.0,0.0,0,0,0,0,0,0,0.0,0.0,0.0,0,0,0,0,0,0,0.4239864864864865,0.3048780487804878,0.7041412591934204,0.4527027027027027,0.3048780487804878,0.8053508400917053,0.0,0.0,0.0,0.48817567567567566,0.3445121951219512,0.817773699760437,0,0,0
0.43243243243243246,0.3231707317073171,0.8060896396636963,0.4560810810810811,0.5030487804878049,0.4348737299442291,0.3733108108108108,0.4969512195121951,0.5071917176246643,0.28040540540540543,0.45121951219512196,0.5975131988525391,0.30743243243243246,0.28353658536585363,0.45729103684425354,0.5456081081081081,0.46646341463414637,0.3112988770008087,0.625,0.3932926829268293,0.5169788599014282,0.0,0.0,0.0,0.0,0.0,0.0,0,0,0,0,0,0,0.0,0.0,0.0,0,0,0,0,0,0,0.42567567567567566,0.3048780487804878,0.7950941920280457,0.4527027027027027,0.3048780487804878,0.817779541015625,0.0,0.0,0.0,0.48817567567567566,0.34146341463414637,0.8204106092453003,0,0,0
0.43243243243243246,0.3231707317073171,0.8022484183311462,0.4560810810810811,0.5030487804878049,0.43906325101852417,0.3733108108108108,0.4969512195121951,0.5131019949913025,0.28040540540540543,0.45121951219512196,0.574536919593811,0.30743243243243246,0.2804878048780488,0.1568194180727005,0.543918918918919,0.46646341463414637,0.29845836758613586,0.6233108108108109,0.3932926829268293,0.570252537727356,0.0,0.0,0.0,0.0,0.0,0.0,0,0,0,0,0,0,0.0,0.0,0.0,0,0,0,0,0,0,0.42567567567567566,0.3048780487804878,0.7929031848907471,0.4527027027027027,0.3048780487804878,0.8178994655609131,0.0,0.0,0.0,0.48817567567567566,0.34146341463414637,0.8159231543540955,0,0,0
0.4341216216216216,0.3231707317073171,0.8301097750663757,0.4510135135135135,0.5060975609756098,0.42880114912986755,0.3733108108108108,0.49390243902439024,0.48577797412872314,0.28209459459459457,0.4573170731707317,0.5804011225700378,0.3141891891891892,0.29573170731707316,0.5299456119537354,0.5456081081081081,0.4725609756097561,0.26889199018478394,0.6216216216216216,0.39939024390243905,0.5415773987770081,0.5118243243243243,0.17378048780487804,0.42863211035728455,0.0,0.0,0.0,0,0,0,0,0,0,0.0,0.0,0.0,0,0,0,0,0,0,0.42567567567567566,0.3048780487804878,0.7898679971694946,0.4543918918918919,0.3048780487804878,0.8439578413963318,0.0,0.0,0.0,0.48986486486486486,0.34146341463414637,0.8063693046569824,0,0,0
0.4341216216216216,0.3231707317073171,0.8306660652160645,0.44932432432432434,0.5091463414634146,0.4308111369609833,0.3733108108108108,0.4969512195121951,0.4608611464500427,0.28209459459459457,0.4573170731707317,0.582322359085083,0.3141891891891892,0.29573170731707316,0.4844881296157837,0.5456081081081081,0.4695121951219512,0.269450843334198,0.6216216216216216,0.39939024390243905,0.5360727310180664,0.5118243243243243,0.17073170731707318,0.4875234365463257,0.0,0.0,0.0,0,0,0,0,0,0,0.0,0.0,0.0,0,0,0,0,0,0,0.42567567567567566,0.3048780487804878,0.7857322692871094,0.4543918918918919,0.3048780487804878,0.8461218476295471,0.0,0.0,0.0,0.48986486486486486,0.34146341463414637,0.8036379218101501,0,0,0
0.4341216216216216,0.3231707317073171,0.8471226096153259,0.4510135135135135,0.5182926829268293,0.3362697660923004,0.3766891891891892,0.5,0.42787954211235046,0.27533783783783783,0.4695121951219512,0.6075189113616943,0.31756756756756754,0.3231707317073171,0.31769025325775146,0.5405405405405406,0.47560975609756095,0.13035418093204498,0.6216216216216216,0.4024390243902439,0.46296998858451843,0.4983108108108108,0.20426829268292682,0.5518660545349121,0.0,0.0,0.0,0,0,0,0,0,0,0.0,0.0,0.0,0,0,0,0,0,0,0.42736486486486486,0.3018292682926829,0.7415891289710999,0.4543918918918919,0.3048780487804878,0.8347869515419006,0.0,0.0,0.0,0.48986486486486486,0.34146341463414637,0.8012293577194214,0,0,0
0.4341216216216216,0.3231707317073171,0.8452593088150024,0.4510135135135135,0.5182926829268293,0.3333607316017151,0.3766891891891892,0.5,0.4231739640235901,0.27533783783783783,0.4695121951219512,0.6211310625076294,0.31756756756756754,0.3231707317073171,0.29003986716270447,0.5456081081081081,0.46646341463414637,0.1788235604763031,0.6216216216216216,0.4024390243902439,0.5080094933509827,0.4983108108108108,0.20426829268292682,0.5633196830749512,0.0,0.0,0.0,0,0,0,0,0,0,0.0,0.0,0.0,0,0,0,0,0,0,0.42567567567567566,0.3018292682926829,0.7464573979377747,0.4543918918918919,0.3048780487804878,0.8335608243942261,0.0,0.0,0.0,0.48986486486486486,0.34146341463414637,0.7982683181762695,0,0,0
0.4358108108108108,0.3201219512195122,0.8474184274673462,0.44932432432432434,0.5182926829268293,0.34281179308891296,0.375,0.5,0.37874117493629456,0.28209459459459457,0.47560975609756095,0.379558265209198,0.30067567567567566,0.42073170731707316,0.1584111601114273,0.5472972972972973,0.46646341463414637,0.271025687456131,0.6216216216216216,0.4054878048780488,0.45058560371398926,0.0,0.0,0.0,0.0,0.0,0.0,0,0,0,0,0,0,0.0,0.0,0.0,0,0,0,0,0,0,0.42736486486486486,0.3048780487804878,0.7641106843948364,0.4543918918918919,0.3048780487804878,0.8344321846961975,0.0,0.0,0.0,0.49155405405405406,0.3445121951219512,0.7949965596199036,0,0,0
0.4358108108108108,0.3201219512195122,0.8443738222122192,0.4510135135135135,0.5152439024390244,0.3625768721103668,0.375,0.5,0.38247010111808777,0.28040540540540543,0.4725609756097561,0.4131333827972412,0.30067567567567566,0.42073170731707316,0.16875211894512177,0.5456081081081081,0.4695121951219512,0.2498186230659485,0.6216216216216216,0.4054878048780488,0.42949342727661133,0.5574324324324325,0.29573170731707316,0.10321938991546631,0.0,0.0,0.0,0,0,0,0,0,0,0.0,0.0,0.0,0,0,0,0,0,0,0.42736486486486486,0.3048780487804878,0.7656490206718445,0.4543918918918919,0.3048780487804878,0.8373841047286987,0.0,0.0,0.0,0.49155405405405406,0.3445121951219512,0.7981185913085938,0,0,0
0.4341216216216216,0.3231707317073171,0.854057252407074,0.4510135135135135,0.5091463414634146,0.387969970703125,0.3766891891891892,0.5030487804878049,0.41964060068130493,0.28378378378378377,0.4878048780487805,0.5695734620094299,0.3293918918918919,0.35365853658536583,0.5136181116104126,0.5456081081081081,0.4634146341463415,0.26817744970321655,0.6283783783783784,0.40853658536585363,0.4584093987941742,0.5472972972972973,0.31402439024390244,0.3331756293773651,0.0,0.0,0.0,0,0,0,0,0,0,0.0,0.0,0.0,0,0,0,0,0,0,0.42736486486486486,0.3018292682926829,0.7661661505699158,0.4560810810810811,0.3048780487804878,0.8128329515457153,0.0,0.0,0.0,0.49155405405405406,0.3445121951219512,0.784929633140564,0,0,0
0.4341216216216216,0.3231707317073171,0.854056179523468,0.4510135135135135,0.5091463414634146,0.38348010182380676,0.375,0.5060975609756098,0.42754361033439636,0.28378378378378377,0.4847560975609756,0.5639609098434448,0.3293918918918919,0.35365853658536583,0.4736546576023102,0.5456081081081081,0.4634146341463415,0.2908005118370056,0.6266891891891891,0.40853658536585363,0.37396925687789917,0.5472972972972973,0.31402439024390244,0.2570095956325531,0.0,0.0,0.0,0,0,0,0,0,0,0.0,0.0,0.0,0,0,0,0,0,0,0.42736486486486486,0.3018292682926829,0.7639651894569397,0.4560810810810811,0.3048780487804878,0.8121452331542969,0.4155405405405405,0.32621951219512196,0.10421523451805115,0.49155405405405406,0.3475609756097561,0.7937366366386414,0,0,0
0.4358108108108108,0.3231707317073171,0.8406126499176025,0.4527027027027027,0.5182926829268293,0.3968661427497864,0.3733108108108108,0.5060975609756098,0.5012837052345276,0.28547297297297297,0.4969512195121951,0.5976738333702087,0.3327702702702703,0.3719512195121951,0.5615129470825195,0.5472972972972973,0.4634146341463415,0.20385397970676422,0.6351351351351351,0.4115853658536585,0.48386314511299133,0.5320945945945946,0.32926829268292684,0.09893859922885895,0.0,0.0,0.0,0,0,0,0,0,0,0.0,0.0,0.0,0,0,0,0,0,0,0.42736486486486486,0.3018292682926829,0.7711412906646729,0.4527027027027027,0.3048780487804878,0.7363755702972412,0.0,0.0,0.0,0.48986486486486486,0.3445121951219512,0.6184372305870056,0,0,0
0.4358108108108108,0.3231707317073171,0.8416794538497925,0.4543918918918919,0.5182926829268293,0.3786914646625519,0.3733108108108108,0.5060975609756098,0.497877836227417,0.28378378378378377,0.4969512195121951,0.5715658068656921,0.3327702702702703,0.3719512195121951,0.6286056041717529,0.5472972972972973,0.4603658536585366,0.2169881910085678,0.6351351351351351,0.4115853658536585,0.4788278341293335,0.5287162162162162,0.32926829268292684,0.10039609670639038,0.0,0.0,0.0,0,0,0,0,0,0,0.0,0.0,0.0,0,0,0,0,0,0,0.42905405405405406,0.3018292682926829,0.769005537033081,0.4527027027027027,0.3048780487804878,0.7361493706703186,0.0,0.0,0.0,0.48986486486486486,0.3445121951219512,0.6128110885620117,0,0,0
0.4341216216216216,0.32621951219512196,0.7926458120346069,0.4527027027027027,0.5030487804878049,0.4566584825515747,0.375,0.5060975609756098,0.42462190985679626,0.28547297297297297,0.5060975609756098,0.5854634046554565,0.3327702702702703,0.39939024390243905,0.5516057014465332,0.5472972972972973,0.4603658536585366,0.3099598288536072,0.6351351351351351,0.4176829268292683,0.4361461102962494,0.5067567567567568,0.3445121951219512,0.08188635110855103,0.0,0.0,0.0,0,0,0,0,0,0,0.0,0.0,0.0,0,0,0,0,0,0,0.42736486486486486,0.3018292682926829,0.7836692333221436,0.4543918918918919,0.3018292682926829,0.7789743542671204,0.0,0.0,0.0,0.48986486486486486,0.3445121951219512,0.6375807523727417,0,0,0
0.4341216216216216,0.32621951219512196,0.7859854102134705,0.4527027027027027,0.4969512195121951,0.4547409117221832,0.3766891891891892,0.5030487804878049,0.4135105311870575,0.28378378378378377,0.5060975609756098,0.5705307722091675,0.3327702702702703,0.39939024390243905,0.5218418836593628,0.5456081081081081,0.4603658536585366,0.2993132472038269,0.6351351351351351,0.4176829268292683,0.43300437927246094,0.5135135135135135,0.3445121951219512,0.08536694198846817,0.0,0.0,0.0,0,0,0,0,0,0,0.0,0.0,0.0,0,0,0,0,0,0,0.42736486486486486,0.3018292682926829,0.7833805084228516,0.4543918918918919,0.3018292682926829,0.7835224866867065,0.0,0.0,0.0,0.49155405405405406,0.3445121951219512,0.6388241052627563,0,0,0
0.4341216216216216,0.3231707317073171,0.8491079211235046,0.44932432432432434,0.4969512195121951,0.45244100689888,0.36993243243243246,0.5121951219512195,0.09967123717069626,0.28040540540540543,0.5152439024390244,0.5328834652900696,0.3310810810810811,0.4146341463414634,0.5020946860313416,0.5337837837837838,0.4725609756097561,0.3620677590370178,0.6351351351351351,0.4268292682926829,0.40941473841667175,0.0,0.0,0.0,0.0,0.0,0.0,0,0,0,0,0,0,0.0,0.0,0.0,0,0,0,0,0,0,0.42736486486486486,0.3048780487804878,0.7756903171539307,0.4560810810810811,0.3048780487804878,0.845741331577301,0.0,0.0,0.0,0.49324324324324326,0.3384146341463415,0.6900978684425354,0,0,0
0.4341216216216216,0.3231707317073171,0.8460676670074463,0.4510135135135135,0.4969512195121951,0.439211905002594,0.375,0.5091463414634146,0.11349917203187943,0.28040540540540543,0.5152439024390244,0.5129671096801758,0.3327702702702703,0.4146341463414634,0.49073806405067444,0.5371621621621622,0.4695121951219512,0.3647383451461792,0.6351351351351351,0.4268292682926829,0.41564637422561646,0.0,0.0,0.0,0.0,0.0,0.0,0,0,0,0,0,0,0.0,0.0,0.0,0,0,0,0,0,0,0.42736486486486486,0.3048780487804878,0.7861723303794861,0.4560810810810811,0.3048780487804878,0.8495175242424011,0.0,0.0,0.0,0.49324324324324326,0.3384146341463415,0.6952946186065674,0,0,0
0.4358108108108108,0.3231707317073171,0.8629332184791565,0.46114864864864863,0.4969512195121951,0.4277641773223877,0.36655405405405406,0.5030487804878049,0.2578369081020355,0.28040540540540543,0.5335365853658537,0.2045876681804657,0.3277027027027027,0.4420731707317073,0.5452888607978821,0.5337837837837838,0.46646341463414637,0.39058467745780945,0.6368243243243243,0.43597560975609756,0.4229188561439514,0.0,0.0,0.0,0.0,0.0,0.0,0,0,0,0,0,0,0.0,0.0,0.0,0,0,0,0,0,0,0.42736486486486486,0.3048780487804878,0.7895829081535339,0.4543918918918919,0.3048780487804878,0.8517618775367737,0.0,0.0,0.0,0.48986486486486486,0.3445121951219512,0.7953740358352661,0,0,0
0.4341216216216216,0.3231707317073171,0.864316999912262,0.4594594594594595,0.4969512195121951,0.41461899876594543,0.36824324324324326,0.5,0.2677041292190552,0.27871621621621623,0.5335365853658537,0.19113537669181824,0.3260135135135135,0.4420731707317073,0.4711005687713623,0.535472972972973,0.4634146341463415,0.38132244348526,0.6351351351351351,0.43902439024390244,0.41076186299324036,0.0,0.0,0.0,0.0,0.0,0.0,0,0,0,0,0,0,0.0,0.0,0.0,0,0,0,0,0,0,0.42736486486486486,0.3048780487804878,0.7937716841697693,0.4543918918918919,0.3048780487804878,0.8504705429077148,0.0,0.0,0.0,0.48986486486486486,0.3445121951219512,0.7913923263549805,0,0,0
0.4358108108108108,0.32621951219512196,0.837262749671936,0.4560810810810811,0.4878048780487805,0.4071692228317261,0.3766891891891892,0.5030487804878049,0.18026751279830933,0.28040540540540543,0.551829268292683,0.39356955885887146,0.31756756756756754,0.4695121951219512,0.2345179319381714,0.527027027027027,0.4725609756097561,0.3131227493286133,0.0,0.0,0.0,0.0,0.0,0.0,0.0,0.0,0.0,0,0,0,0,0,0,0.0,0.0,0.0,0,0,0,0,0,0,0.42736486486486486,0.3048780487804878,0.7997046709060669,0.4543918918918919,0.3048780487804878,0.8391613960266113,0.0,0.0,0.0,0.48817567567567566,0.34146341463414637,0.7935934066772461,0,0,0
0.4358108108108108,0.32621951219512196,0.8270069360733032,0.4577702702702703,0.4847560975609756,0.4027755558490753,0.38175675675675674,0.49085365853658536,0.15565045177936554,0.28209459459459457,0.5548780487804879,0.40086230635643005,0.31756756756756754,0.46646341463414637,0.2317732572555542,0.527027027027027,0.4695121951219512,0.33529427647590637,0.0,0.0,0.0,0.0,0.0,0.0,0.0,0.0,0.0,0,0,0,0,0,0,0.0,0.0,0.0,0,0,0,0,0,0,0.42736486486486486,0.3048780487804878,0.7989451885223389,0.4543918918918919,0.3048780487804878,0.8414039611816406,0.0,0.0,0.0,0.48817567567567566,0.34146341463414637,0.7898110747337341,0,0,0
0.4341216216216216,0.32621951219512196,0.8140835165977478,0.4594594594594595,0.47560975609756095,0.3187291920185089,0.38006756756756754,0.4725609756097561,0.19455862045288086,0.0,0.0,0.0,0.0,0.0,0.0,0.5287162162162162,0.46646341463414637,0.3820858299732208,0.0,0.0,0.0,0.0,0.0,0.0,0.0,0.0,0.0,0,0,0,0,0,0,0.0,0.0,0.0,0,0,0,0,0,0,0.42736486486486486,0.3048780487804878,0.8221229910850525,0.4543918918918919,0.3048780487804878,0.8516244888305664,0.0,0.0,0.0,0.48986486486486486,0.34146341463414637,0.7699070572853088,0,0,0
0.4341216216216216,0.32621951219512196,0.8111658096313477,0.46452702702702703,0.4817073170731707,0.35089290142059326,0.3783783783783784,0.4847560975609756,0.24230198562145233,0.0,0.0,0.0,0.0,0.0,0.0,0.5287162162162162,0.4695121951219512,0.3792140483856201,0.0,0.0,0.0,0.0,0.0,0.0,0.0,0.0,0.0,0,0,0,0,0,0,0.0,0.0,0.0,0,0,0,0,0,0,0.42736486486486486,0.3048780487804878,0.8236864805221558,0.4543918918918919,0.3048780487804878,0.8421808481216431,0.0,0.0,0.0,0.48986486486486486,0.34146341463414637,0.7682773470878601,0,0,0
0.4341216216216216,0.32621951219512196,0.8062277436256409,0.46621621621621623,0.49085365853658536,0.4379253387451172,0.38513513513513514,0.4817073170731707,0.23725618422031403,0.0,0.0,0.0,0.0,0.0,0.0,0.5320945945945946,0.4725609756097561,0.39281317591667175,0.0,0.0,0.0,0.0,0.0,0.0,0.0,0.0,0.0,0,0,0,0,0,0,0.0,0.0,0.0,0,0,0,0,0,0,0.42736486486486486,0.3048780487804878,0.8267796635627747,0.4543918918918919,0.3048780487804878,0.8460793495178223,0.0,0.0,0.0,0.48986486486486486,0.34146341463414637,0.7777503728866577,0,0,0
0.4341216216216216,0.32621951219512196,0.8034777045249939,0.46790540540540543,0.4878048780487805,0.4378840923309326,0.38513513513513514,0.4847560975609756,0.218460813164711,0.0,0.0,0.0,0.0,0.0,0.0,0.5337837837837838,0.4725609756097561,0.3786497414112091,0.0,0.0,0.0,0.0,0.0,0.0,0.0,0.0,0.0,0,0,0,0,0,0,0.0,0.0,0.0,0,0,0,0,0,0,0.42736486486486486,0.3048780487804878,0.8242761492729187,0.4543918918918919,0.3048780487804878,0.8446007966995239,0.0,0.0,0.0,0.48986486486486486,0.34146341463414637,0.7709153890609741,0,0,0
0.4341216216216216,0.32621951219512196,0.8128133416175842,0.47466216216216217,0.49085365853658536,0.5740696787834167,0.41047297297297297,0.4817073170731707,0.35742300748825073,0.0,0.0,0.0,0.0,0.0,0.0,0.5388513513513513,0.47560975609756095,0.4014447331428528,0.5861486486486487,0.5274390243902439,0.10086198896169662,0.0,0.0,0.0,0.0,0.0,0.0,0,0,0,0,0,0,0.0,0.0,0.0,0,0,0,0,0,0,0.42736486486486486,0.3048780487804878,0.84009850025177,0.4543918918918919,0.3079268292682927,0.8549477458000183,0.0,0.0,0.0,0.48986486486486486,0.34146341463414637,0.7656101584434509,0,0,0
0.4341216216216216,0.32621951219512196,0.8099644780158997,0.47466216216216217,0.49085365853658536,0.5728954076766968,0.41047297297297297,0.4847560975609756,0.3522174060344696,0.0,0.0,0.0,0.0,0.0,0.0,0.5388513513513513,0.47560975609756095,0.40420326590538025,0.5844594594594594,0.5274390243902439,0.0898604691028595,0.0,0.0,0.0,0.0,0.0,0.0,0,0,0,0,0,0,0.0,0.0,0.0,0,0,0,0,0,0,0.42736486486486486,0.3048780487804878,0.8352383971214294,0.4543918918918919,0.3079268292682927,0.8565858006477356,0.0,0.0,0.0,0.49155405405405406,0.34146341463414637,0.7711182236671448,0,0,0
0.4341216216216216,0.32621951219512196,0.8050602674484253,0.46452702702702703,0.5,0.49612516164779663,0.38682432432432434,0.5030487804878049,0.331682950258255,0.2905405405405405,0.6219512195121951,0.07635869830846786,0.3260135135135135,0.6036585365853658,0.2196994125843048,0.5371621621621622,0.4847560975609756,0.4094138443470001,0.6182432432432432,0.573170731707317,0.15837635099887848,0.0,0.0,0.0,0.0,0.0,0.0,0,0,0,0,0,0,0.0,0.0,0.0,0,0,0,0,0,0,0.42736486486486486,0.3048780487804878,0.8371294736862183,0.4543918918918919,0.3079268292682927,0.8607169389724731,0.0,0.0,0.0,0.49155405405405406,0.34146341463414637,0.7579725980758667,0,0,0
0.4341216216216216,0.32621951219512196,0.8052959442138672,0.46452702702702703,0.5030487804878049,0.5084697008132935,0.38513513513513514,0.5060975609756098,0.3433629870414734,0.28209459459459457,0.6310975609756098,0.09820114076137543,0.3277027027027027,0.6036585365853658,0.18968448042869568,0.5388513513513513,0.4878048780487805,0.3912406265735626,0.6199324324324325,0.5762195121951219,0.18387797474861145,0.0,0.0,0.0,0.0,0.0,0.0,0,0,0,0,0,0,0.0,0.0,0.0,0,0,0,0,0,0,0.42736486486486486,0.3048780487804878,0.8349644541740417,0.4543918918918919,0.3079268292682927,0.8630590438842773,0.0,0.0,0.0,0.49155405405405406,0.34146341463414637,0.7569589018821716,0,0,0
0.4358108108108108,0.32621951219512196,0.823513925075531,0.46283783783783783,0.5121951219512195,0.5571106672286987,0.3766891891891892,0.5182926829268293,0.492305725812912,0.31925675675675674,0.600609756097561,0.1477317214012146,0.0,0.0,0.0,0.5371621621621622,0.49390243902439024,0.4439139664173126,0.6165540540540541,0.6097560975609756,0.17475678026676178,0.5202702702702703,0.6219512195121951,0.3457435965538025,0.0,0.0,0.0,0,0,0,0,0,0,0.0,0.0,0.0,0,0,0,0,0,0,0.42905405405405406,0.3048780487804878,0.82988041639328,0.4560810810810811,0.3079268292682927,0.8454633951187134,0.0,0.0,0.0,0.49155405405405406,0.3445121951219512,0.7479156851768494,0,0,0
0.4358108108108108,0.32621951219512196,0.8200509548187256,0.46114864864864863,0.5121951219512195,0.5396608114242554,0.3766891891891892,0.5182926829268293,0.48824387788772583,0.32432432432432434,0.5945121951219512,0.14655517041683197,0.3091216216216216,0.6097560975609756,0.06736133247613907,0.5371621621621622,0.49390243902439024,0.4405062794685364,0.6148648648648649,0.6067073170731707,0.16986000537872314,0.5202702702702703,0.6219512195121951,0.32945290207862854,0.0,0.0,0.0,0,0,0,0,0,0,0.0,0.0,0.0,0,0,0,0,0,0,0.42905405405405406,0.3048780487804878,0.8294410705566406,0.4560810810810811,0.3079268292682927,0.846513569355011,0.0,0.0,0.0,0.49155405405405406,0.3445121951219512,0.7469442486763,0,0,0
0.4375,0.32621951219512196,0.7898926734924316,0.4594594594594595,0.5091463414634146,0.5266973376274109,0.38513513513513514,0.5121951219512195,0.36181381344795227,0.3091216216216216,0.6371951219512195,0.3150672912597656,0.3125,0.698170731707317,0.34523138403892517,0.5320945945945946,0.5,0.3547884225845337,0.0,0.0,0.0,0.0,0.0,0.0,0.0,0.0,0.0,0,0,0,0,0,0,0.0,0.0,0.0,0,0,0,0,0,0,0.42905405405405406,0.3048780487804878,0.8241062164306641,0.4577702702702703,0.3079268292682927,0.797754168510437,0.0,0.0,0.0,0.49324324324324326,0.34146341463414637,0.770756185054779,0,0,0
0.4375,0.32621951219512196,0.7916746735572815,0.4594594594594595,0.5091463414634146,0.515229344367981,0.38513513513513514,0.5121951219512195,0.3411161005496979,0.3091216216216216,0.6371951219512195,0.3185041844844818,0.3125,0.698170731707317,0.3468247950077057,0.5337837837837838,0.5,0.36340487003326416,0.0,0.0,0.0,0.0,0.0,0.0,0.0,0.0,0.0,0,0,0,0,0,0,0.0,0.0,0.0,0,0,0,0,0,0,0.42905405405405406,0.3048780487804878,0.8264294266700745,0.4577702702702703,0.3079268292682927,0.7946127653121948,0.0,0.0,0.0,0.49324324324324326,0.34146341463414637,0.7630228400230408,0,0,0
0.4375,0.32621951219512196,0.73443603515625,0.46283783783783783,0.5152439024390244,0.5230070948600769,0.38682432432432434,0.5121951219512195,0.350789874792099,0.3141891891891892,0.6432926829268293,0.4414777159690857,0.31756756756756754,0.7378048780487805,0.17755363881587982,0.5371621621621622,0.5060975609756098,0.419829398393631,0.6114864864864865,0.6463414634146342,0.10967695713043213,0.0,0.0,0.0,0.0,0.0,0.0,0,0,0,0,0,0,0.0,0.0,0.0,0,0,0,0,0,0,0.43074324324324326,0.3079268292682927,0.7996687889099121,0.4577702702702703,0.3079268292682927,0.7704595923423767,0.0,0.0,0.0,0.49324324324324326,0.34146341463414637,0.7945845127105713,0,0,0
0.4375,0.32621951219512196,0.7309907674789429,0.46283783783783783,0.5121951219512195,0.5027149319648743,0.38682432432432434,0.5091463414634146,0.3588147759437561,0.3141891891891892,0.6432926829268293,0.43695658445358276,0.3158783783783784,0.7378048780487805,0.21091985702514648,0.5371621621621622,0.5060975609756098,0.42501261830329895,0.6148648648648649,0.649390243902439,0.1391456574201584,0.0,0.0,0.0,0.0,0.0,0.0,0,0,0,0,0,0,0.0,0.0,0.0,0,0,0,0,0,0,0.43074324324324326,0.3079268292682927,0.7994651794433594,0.4594594594594595,0.3079268292682927,0.7949726581573486,0.0,0.0,0.0,0.49493243243243246,0.34146341463414637,0.8029080629348755,0,0,0
0.4391891891891892,0.32621951219512196,0.7447649240493774,0.46114864864864863,0.5121951219512195,0.5103846788406372,0.38344594594594594,0.5121951219512195,0.3966395854949951,0.3108108108108108,0.6615853658536586,0.6725097894668579,0.31756756756756754,0.7621951219512195,0.2200881391763687,0.5371621621621622,0.5030487804878049,0.47123146057128906,0.606418918918919,0.6554878048780488,0.5421759486198425,0.5152027027027027,0.7469512195121951,0.5774890184402466,0.0,0.0,0.0,0,0,0,0,0,0,0.0,0.0,0.0,0,0,0,0,0,0,0.43243243243243246,0.3048780487804878,0.7640362977981567,0.4594594594594595,0.3079268292682927,0.830129086971283,0.0,0.0,0.0,0.49493243243243246,0.34146341463414637,0.812005341053009,0,0,0
0.4391891891891892,0.32621951219512196,0.7418538928031921,0.4594594594594595,0.5121951219512195,0.5160009264945984,0.38344594594594594,0.5152439024390244,0.4359733462333679,0.3108108108108108,0.6615853658536586,0.674342691898346,0.3158783783783784,0.7621951219512195,0.3072866201400757,0.5371621621621622,0.5030487804878049,0.47611770033836365,0.606418918918919,0.6554878048780488,0.5387717485427856,0.5152027027027027,0.7469512195121951,0.5796259641647339,0.0,0.0,0.0,0,0,0,0,0,0,0.0,0.0,0.0,0,0,0,0,0,0,0.43243243243243246,0.3048780487804878,0.7724937200546265,0.4594594594594595,0.3079268292682927,0.8319752216339111,0.0,0.0,0.0,0.49493243243243246,0.34146341463414637,0.8029410243034363,0,0,0
0.4408783783783784,0.32621951219512196,0.7720385789871216,0.4577702702702703,0.5091463414634146,0.5122995376586914,0.38344594594594594,0.5182926829268293,0.41879311203956604,0.3108108108108108,0.6707317073170732,0.6448124051094055,0.0,0.0,0.0,0.535472972972973,0.5030487804878049,0.45125994086265564,0.6030405405405406,0.6554878048780488,0.5559306740760803,0.527027027027027,0.7652439024390244,0.4105871915817261,0.0,0.0,0.0,0,0,0,0,0,0,0.0,0.0,0.0,0,0,0,0,0,0,0.43243243243243246,0.3048780487804878,0.8126933574676514,0.46114864864864863,0.3079268292682927,0.8548458814620972,0.0,0.0,0.0,0.49493243243243246,0.34146341463414637,0.809703528881073,0,0,0
0.4408783783783784,0.32621951219512196,0.7734837532043457,0.4594594594594595,0.5091463414634146,0.5521531701087952,0.38344594594594594,0.5182926829268293,0.4005384147167206,0.3108108108108108,0.6707317073170732,0.6339817643165588,0.3158783783783784,0.7774390243902439,0.41659918427467346,0.535472972972973,0.5030487804878049,0.4533132314682007,0.6047297297297297,0.6554878048780488,0.5474211573600769,0.5236486486486487,0.7682926829268293,0.3641098141670227,0.0,0.0,0.0,0,0,0,0,0,0,0.0,0.0,0.0,0,0,0,0,0,0,0.43243243243243246,0.3048780487804878,0.812297523021698,0.46114864864864863,0.3079268292682927,0.8514611124992371,0.0,0.0,0.0,0.49493243243243246,0.34146341463414637,0.8093505501747131,0,0,0
0.4408783783783784,0.32621951219512196,0.7835322618484497,0.46114864864864863,0.5182926829268293,0.5732157826423645,0.38175675675675674,0.5274390243902439,0.4334079325199127,0.3141891891891892,0.6737804878048781,0.6719709634780884,0.3141891891891892,0.7835365853658537,0.3987230062484741,0.5371621621621622,0.5030487804878049,0.4790806174278259,0.5996621621621622,0.6676829268292683,0.5780853629112244,0.5152027027027027,0.7957317073170732,0.1719728261232376,0.0,0.0,0.0,0,0,0,0,0,0,0.0,0.0,0.0,0,0,0,0,0,0,0.4341216216216216,0.3048780487804878,0.8304184079170227,0.46114864864864863,0.3079268292682927,0.8600363731384277,0.0,0.0,0.0,0.4966216216216216,0.3445121951219512,0.8285335302352905,0,0,0
0.4408783783783784,0.32621951219512196,0.7855052351951599,0.46114864864864863,0.5182926829268293,0.5671544075012207,0.38175675675675674,0.5274390243902439,0.4363127052783966,0.3141891891891892,0.6737804878048781,0.6509964466094971,0.3141891891891892,0.7804878048780488,0.3558826446533203,0.5371621621621622,0.5030487804878049,0.4813671410083771,0.5996621621621622,0.6676829268292683,0.5481963157653809,0.5152027027027027,0.7957317073170732,0.1853543370962143,0.0,0.0,0.0,0,0,0,0,0,0,0.0,0.0,0.0,0,0,0,0,0,0,0.4341216216216216,0.3048780487804878,0.8312314748764038,0.46114864864864863,0.3079268292682927,0.8621909618377686,0.0,0.0,0.0,0.4966216216216216,0.3445121951219512,0.8318443894386292,0,0,0
0.4408783783783784,0.32621951219512196,0.7965090870857239,0.4594594594594595,0.5152439024390244,0.5584604740142822,0.38175675675675674,0.5213414634146342,0.4058185815811157,0.3158783783783784,0.676829268292683,0.6131714582443237,0.3158783783783784,0.7835365853658537,0.1438324898481369,0.5371621621621622,0.5,0.4976738691329956,0.5962837837837838,0.6707317073170732,0.5734984278678894,0.5135135135135135,0.8140243902439024,0.5439540147781372,0.0,0.0,0.0,0,0,0,0,0,0,0.0,0.0,0.0,0,0,0,0,0,0,0.4341216216216216,0.3079268292682927,0.8370376229286194,0.46114864864864863,0.3079268292682927,0.8675603866577148,0.0,0.0,0.0,0.4966216216216216,0.3445121951219512,0.829038143157959,0,0,0
0.4408783783783784,0.32621951219512196,0.7965390682220459,0.4594594594594595,0.5152439024390244,0.5558832883834839,0.38175675675675674,0.5213414634146342,0.4154716432094574,0.31756756756756754,0.676829268292683,0.5608075261116028,0.3158783783783784,0.7865853658536586,0.3030411899089813,0.535472972972973,0.5,0.49575865268707275,0.5962837837837838,0.6707317073170732,0.5752714276313782,0.5135135135135135,0.8140243902439024,0.5582929253578186,0.0,0.0,0.0,0,0,0,0,0,0,0.0,0.0,0.0,0,0,0,0,0,0,0.4341216216216216,0.3079268292682927,0.8395462036132812,0.46114864864864863,0.3079268292682927,0.8698987364768982,0.0,0.0,0.0,0.4966216216216216,0.3445121951219512,0.8263595700263977,0,0,0
